session,student_Id,Md_Other,Ds_Other,Md_Aulaweb,Ds_Aulaweb,Md_Blank,Ds_Blank,Md_Deeds,Md_Study,Md_Properties,Ds_Properties,Md_Diagram,Ds_Diagram,Md_TextEditor,Ds_TextEditor,Md_Fsm,Ds_Deeds,Md_FSM
1,1,7.57,42.43,121.584,619.629,0.33299999999999996,1.8319999999999999,0.032,0.893,2.205,6.749,1630.5379999999998,4252.286,1.8519999999999999,3.373,0.0,0.0,0.0
1,2,24.344,132.907,8.23,18.128,0.32,1.013,0.0,7.409,3.1439999999999997,5.781000000000001,930.6519999999999,2856.2859999999996,2.028,0.0,0.0,0.0,0.0
1,4,26.295,108.19200000000001,10.378,27.283,0.5760000000000001,1.883,0.016,0.0,2.471,4.013999999999999,158.918,495.603,0.46799999999999997,0.0,0.0,0.0,0.0
1,5,9.689,62.886,26.587,103.875,71.517,606.956,0.531,0.0,5.284,20.48,319.98400000000004,852.335,0.268,0.0,0.0,0.0,0.0
1,7,18.63,70.72399999999999,0.062,0.16699999999999998,0.251,0.927,113.75399999999999,0.23399999999999999,0.841,1.953,1360.329,5252.034000000001,4.127,0.0,0.0,0.0,0.0
1,9,7.837999999999999,47.193999999999996,257.173,906.1089999999999,8.289,53.619,1.17,0.124,0.33299999999999996,0.8290000000000001,61.033,113.26899999999999,0.359,0.0,0.0,0.0,0.0
1,10,58.599,337.931,0.0,0.0,0.001,0.004,0.0,0.0,1.419,2.925,472.00800000000004,2084.396,0.249,0.0,0.0,0.0,0.0
1,11,76.38600000000001,652.641,182.847,798.183,2.6039999999999996,8.878,0.0,7.421,0.2,0.674,484.131,2270.217,0.406,0.0,0.0,0.0,0.0
1,12,33.409,174.41,303.663,1381.391,0.15,0.507,0.0,2.362,2.344,4.559,1117.016,3403.632,0.654,0.0,0.0,0.0,0.0
1,14,423.94199999999995,3313.013,55.294,141.092,1.913,6.898,3.261,1.545,2.6830000000000003,4.388999999999999,2530.828,7367.403,1.28,0.0,0.0,0.0,0.0
1,15,37.178000000000004,199.65,2.9810000000000003,8.337,3.793,29.336,0.0,0.0,3.03,8.379,1117.006,4910.545999999999,4.117,0.0,0.0,0.0,0.0
1,17,1.43,4.474,0.792,1.821,0.895,3.64,0.0,0.015,0.006,0.015,1.61,4.505,0.376,0.0,0.0,0.0,0.0
1,19,28.494,89.76799999999999,169.56599999999997,160.653,4.205,11.056,0.063,0.0,0.139,0.479,165.6,266.256,2.699,0.0,0.0,0.0,0.0
1,20,3.2769999999999997,14.368,3.7880000000000003,13.812000000000001,1.186,6.047000000000001,0.0,0.109,1.141,3.233,681.2189999999999,3002.927,37.173,0.0,0.0,0.0,0.0
1,21,1.1420000000000001,3.57,0.161,0.562,0.006999999999999999,0.026000000000000002,0.0,18.547,0.6809999999999999,2.799,453.226,1425.773,0.0,0.0,0.0,0.0,0.0
1,22,18.827,81.80199999999999,13.507,36.794000000000004,13.159,85.178,0.0,0.12300000000000001,2.187,5.9670000000000005,657.566,1257.3319999999999,0.032,0.0,0.0,0.0,0.0
1,28,11.417,36.946,7.037999999999999,19.739,1.8969999999999998,7.7170000000000005,74.62100000000001,172.48,10.812999999999999,26.455,4419.505,7822.835,96.32700000000001,269.436,0.0,0.0,0.0
1,30,15.860999999999999,128.129,435.843,1568.027,54.449,340.657,0.0,12.034,6.233,23.424,969.8810000000001,5034.8820000000005,0.0,0.0,0.0,0.0,0.0
1,32,11.519,60.835,2.023,12.882,0.016,0.092,0.0,3671.12,0.966,3.839,201.68900000000002,535.2280000000001,895.548,0.0,0.0,0.0,0.0
1,34,27.21,113.01,398.455,1450.509,0.433,1.2109999999999999,0.015,0.0,2.84,7.912999999999999,68.756,249.085,823.857,0.0,0.0,0.0,0.0
1,36,118.779,716.183,431.119,960.4,0.802,2.91,2.673,0.0,9.746,34.961999999999996,562.191,1401.6629999999998,26.587,0.0,0.0,0.0,0.0
1,37,17.129,76.51100000000001,0.0,0.0,712.558,5326.516,0.0,0.0,50.175,173.658,633.976,1815.849,690.067,0.0,0.0,0.0,0.0
1,38,18.641,51.894,2.752,6.446000000000001,1.6280000000000001,6.414,0.0,0.016,0.319,0.551,416.65,736.308,11.679,29.633000000000003,0.0,0.0,0.0
1,39,24.605,161.945,0.5379999999999999,1.473,10.592,73.567,0.0,0.0,1.781,6.556,707.155,2074.03,575.558,0.0,0.0,0.0,0.0
1,42,14.642000000000001,66.743,1.518,4.406000000000001,1.49,4.3389999999999995,0.047,1.767,34.681,167.78799999999998,762.2189999999999,2628.8579999999997,219.425,0.0,0.0,0.0,0.0
1,43,22.851999999999997,91.213,9.318,40.298,0.302,0.727,0.156,0.032,3.6430000000000002,6.05,914.9689999999999,3939.085,0.0,0.0,0.0,0.0,0.0
1,44,2.303,11.52,12.319,49.06100000000001,0.903,3.517,0.0,0.0,0.027000000000000003,0.057,356.10400000000004,1286.853,0.124,0.0,0.0,0.0,0.0
1,46,31.935,317.817,116.21600000000001,687.311,0.109,0.608,0.0,0.0,5.989,19.53,1420.4479999999999,4332.929,0.109,0.0,0.0,0.0,0.0
1,47,68.6,261.365,38.352,134.69899999999998,3.502,22.357,0.0,0.172,5.825,10.389000000000001,75.53399999999999,163.703,0.016,0.0,0.0,0.0,0.0
1,49,9.375,33.964,1.9709999999999999,6.63,0.139,0.32799999999999996,0.016,7.71,4.5360000000000005,11.78,1245.835,3603.4440000000004,0.7170000000000001,0.0,0.0,0.0,0.0
1,51,7.6,49.431999999999995,2.414,10.915999999999999,0.6890000000000001,3.2430000000000003,0.25,0.015,0.141,0.19,845.7560000000001,2580.528,8.169,0.0,0.0,0.0,0.0
1,52,20.373,114.065,8.919,27.896,1.28,5.547000000000001,0.281,0.016,10.23,46.117,876.818,2148.259,8.735,0.0,0.0,0.0,0.0
1,53,12.832,76.531,783.454,2775.8979999999997,5.83,41.668,2.449,0.0,1.901,3.845,105.611,255.52,0.0,0.0,0.0,0.0,0.0
1,54,14.081,65.06,1.875,5.3389999999999995,1.0270000000000001,3.4210000000000003,0.0,0.0,0.78,2.342,104.25,370.221,0.0,0.0,0.048,0.0,0.0
1,55,5.075,30.605999999999998,10.7,29.834,3.333,25.909000000000002,0.233,0.109,0.6709999999999999,1.3430000000000002,493.12199999999996,2535.465,0.0,0.0,0.0,0.0,0.0
1,56,2.7,7.5089999999999995,5.797000000000001,17.313,1.2990000000000002,6.015,0.0,0.0,0.11699999999999999,0.38299999999999995,45.318999999999996,164.678,2.0980000000000003,0.0,0.0,0.0,0.0
1,59,108.31200000000001,726.672,7.341,21.296,2.153,11.937000000000001,1.45,201.628,16.038,74.205,4263.7609999999995,19996.408,0.18600000000000003,0.0,0.0,0.0,0.0
1,62,3.7560000000000002,16.027,0.619,2.733,7.638,49.157,0.0,0.0,2.7689999999999997,5.827999999999999,223.44400000000002,541.7280000000001,12.515,11.651,0.0,0.0,0.0
1,63,95.801,327.79699999999997,1.239,3.484,5.391,37.155,16.732,342.54400000000004,2.9389999999999996,5.789,1269.736,6369.953,4.438,0.0,0.0,0.0,0.0
1,66,11.839,72.809,11.517999999999999,38.527,46.964,276.856,0.0,0.0,1.307,2.303,698.3960000000001,3635.278,0.0,0.0,0.0,0.0,0.0
1,67,24.156999999999996,108.779,2.073,5.631,7.018,21.409000000000002,0.0,0.0,0.152,0.34600000000000003,3003.17,7884.132,0.7959999999999999,0.0,0.046,0.0,0.0
1,68,68.27600000000001,242.30900000000003,87.45200000000001,217.139,0.155,0.568,0.5329999999999999,0.015,1.265,3.259,315.88599999999997,1039.941,0.0,0.0,0.0,0.0,0.0
1,70,12.372,88.736,2.544,7.9879999999999995,1.2670000000000001,4.178,0.0,0.0,0.996,2.688,4836.097,17235.359,0.016,0.0,0.0,0.0,0.0
1,71,35.242,234.653,11.129000000000001,42.161,0.26,0.62,0.016,0.0,0.718,0.873,606.344,817.0419999999999,0.0,0.0,0.0,0.0,0.0
1,73,4.773,21.265,0.0,0.0,119.67,306.323,0.0,0.0,2.244,9.209,453.18,1393.9979999999998,0.11,0.0,0.0,0.0,0.0
1,74,7.959,40.659,6.292000000000001,19.1,11.935,93.929,0.03,0.09300000000000001,0.48,1.057,856.2239999999999,3818.704,0.0,0.0,0.0,0.0,0.0
1,76,15.302,91.556,1.8880000000000001,8.346,0.281,1.5430000000000001,0.0,0.0,1.976,6.535,412.61199999999997,1395.119,0.439,0.0,0.0,0.0,0.0
1,78,226.162,995.048,0.397,1.168,0.308,0.613,109.84899999999999,0.0,7.09,13.491,2335.302,6519.483,0.03,0.0,0.0,0.0,0.0
1,79,25.265,98.285,1.6869999999999998,6.847,1.2770000000000001,5.943,16.409000000000002,0.32799999999999996,3.835,6.44,1244.803,3343.4640000000004,0.016,0.0,0.0,0.0,0.0
1,80,150.595,646.425,169.373,368.227,1.4269999999999998,5.625,0.01,0.0,2.5,4.4110000000000005,1994.305,2832.407,528.802,2090.444,0.0,0.0,0.0
1,81,157.847,1018.133,80.381,278.85,0.6920000000000001,3.065,2.062,0.0,27.565,98.008,891.3919999999999,2494.863,0.43799999999999994,0.0,0.0,0.0,0.0
1,82,75.29899999999999,603.589,39.272,187.21900000000002,1.7269999999999999,7.335,5.865,0.0,0.154,0.629,597.4069999999999,2518.572,0.031,0.0,0.0,0.0,0.0
1,85,266.115,2256.8579999999997,902.6619999999999,4227.846,39.643,194.08599999999998,0.0,0.0,0.501,0.733,34.023,124.654,0.022000000000000002,0.0,0.0,0.0,0.0
1,86,19.503,120.185,17.383,38.367,1.7519999999999998,11.412,0.0,0.016,12.116,50.845,589.503,956.283,5.212999999999999,0.0,0.0,0.0,0.0
1,87,17.868,98.59899999999999,5.263,18.925,3.6430000000000002,14.294,0.03,0.0,0.59,1.695,690.222,2201.552,0.047,0.0,0.0,0.0,0.0
1,88,12.977,34.988,4.641,14.565,5.954,31.899,0.126,6.992999999999999,2.477,5.593999999999999,423.722,777.71,68.944,0.0,0.0,0.0,0.0
1,90,3.985,20.042,0.069,0.12300000000000001,29.276999999999997,204.718,0.03,0.0,0.06,0.092,886.54,1718.124,0.016,0.0,0.0,0.0,0.0
1,91,849.306,7724.177,64.492,295.45099999999996,3.492,31.217,0.29600000000000004,4.072,0.358,1.439,403.175,1193.098,399.86199999999997,754.863,0.0,0.0,0.0
1,92,52.941,256.735,3.958,7.995,0.141,0.6779999999999999,0.0,0.06,3.863,8.545,194.868,839.6460000000001,0.124,0.0,0.0,0.0,0.0
1,93,22.538,64.64399999999999,7.109,33.129,14.446,64.423,4.3660000000000005,0.25,0.076,0.14,573.491,1678.335,48.782,0.0,0.0,0.0,0.0
1,94,29.563000000000002,171.545,4.837,17.114,7.528,39.591,0.0,0.0,16.535,46.646,405.175,987.057,1.188,0.0,0.0,0.0,0.0
1,96,2.758,15.758,1.4980000000000002,6.067,1.663,5.107,0.9840000000000001,5.434,1.121,2.694,346.57099999999997,822.863,28.039,57.347,0.0,0.0,0.0
1,97,9.8,52.976000000000006,1.786,5.697,3.187,19.46,0.0,0.0,2.531,5.167999999999999,456.969,1257.269,98.382,0.0,0.0,0.0,0.0
1,98,28.090999999999998,174.31900000000002,657.4910000000001,3199.8259999999996,2.38,5.367000000000001,0.0,0.016,0.42,1.037,407.653,1619.3470000000002,32.501,0.0,0.0,0.0,0.0
1,100,92.266,424.673,39.907,127.698,19.503,203.27,0.156,0.015,0.484,0.698,204.512,748.289,2.8739999999999997,6.15,0.0,0.0,0.0
1,101,11.460999999999999,65.664,42.457,136.403,0.26,1.179,0.032,4.685,0.059000000000000004,0.10800000000000001,1440.371,4127.031,1.4969999999999999,0.0,0.0,0.0,0.0
1,102,15.782,70.456,6.22,15.856,9.507,64.215,0.0,0.0,11.12,59.36,203.78599999999997,960.816,26.476999999999997,0.0,0.0,0.0,0.0
1,104,140.681,1089.825,141.483,420.043,0.9540000000000001,2.872,0.0,2.03,5.008,14.717,556.507,1082.786,1.126,0.0,0.0,0.0,0.0
1,105,4.683,15.710999999999999,17.24,86.48,0.006,0.011000000000000001,0.015,0.0,0.003,0.006,419.66,1430.731,0.314,0.0,0.0,0.0,0.0
1,108,183.824,1467.606,66.751,270.9,5.169,15.559000000000001,0.0,0.391,0.053,0.057999999999999996,183.505,475.417,1351.4879999999998,0.0,0.062,0.0,0.0
1,109,7.357,53.828,7.542999999999999,33.988,0.723,4.699,0.0,0.0,0.285,0.6729999999999999,107.93700000000001,313.068,0.41600000000000004,0.6679999999999999,0.0,0.0,0.0
1,110,56.18600000000001,198.104,82.41799999999999,99.65700000000001,4.905,24.578000000000003,0.21899999999999997,0.125,1986.185,9506.252,731.803,2402.571,0.0,0.0,0.0,0.0,0.0
1,111,50.17100000000001,384.536,2.6210000000000004,8.26,2.077,19.025,0.0,0.0,0.728,2.86,271.608,1493.9720000000002,4.187,0.0,0.878,0.0,0.0
1,112,191.59900000000002,1109.752,7.518,20.412,6.477,29.705,0.0,0.0,0.732,2.502,1439.185,5535.816999999999,61.481,0.0,0.0,0.0,0.0
1,113,17.057000000000002,98.037,3.574,12.698,3.1039999999999996,11.002,0.048,8.927,1.285,2.4819999999999998,1116.899,2226.5389999999998,63.435,0.0,0.0,0.0,0.0
1,114,25.910999999999998,185.63299999999998,95.781,534.515,2.16,11.725,0.015,0.109,0.675,1.632,507.463,1971.7720000000002,0.0,0.0,0.0,0.0,0.0
1,115,50.762,427.657,30.084,55.346000000000004,3.5069999999999997,15.640999999999998,0.547,1.9509999999999998,0.556,1.256,650.613,1333.025,14.546,0.0,0.0,0.0,0.0
2,1,4.664,32.5,93.555,543.778,0.309,1.661,0.0,0.062,1.556,5.597,888.567,3025.4570000000003,0.899,1.959,0.0,0.0,0.0
2,2,15.334000000000001,92.20200000000001,4.144,12.369000000000002,0.63,2.0069999999999997,2368.989,0.11,19.765,72.35600000000001,379.994,1799.3339999999998,2.064,0.0,0.0,0.0,0.0
2,3,61.294,463.21,0.363,1.3619999999999999,24.601,215.10299999999998,0.062,0.0,0.019,0.034,24.346999999999998,80.944,2865.259,0.0,0.0,0.0,0.0
2,4,20.375,136.711,7.638,22.906,3.6630000000000003,27.746,0.03,0.046,1.294,3.023,110.167,410.98,0.42100000000000004,0.0,0.09300000000000001,0.0,0.0
2,5,7.315,53.97,17.034000000000002,83.529,33.782,416.735,0.0,0.0,2.6180000000000003,13.892000000000001,128.336,548.101,0.721,0.0,0.0,0.0,0.0
2,6,68.142,646.401,0.373,1.681,0.408,2.123,0.0,0.297,0.037000000000000005,0.08199999999999999,0.18600000000000003,0.46399999999999997,6.803999999999999,0.0,0.0,0.0,0.0
2,7,9.365,50.169,0.034,0.10400000000000001,0.392,2.76,0.0,0.0,0.486,1.524,847.765,4180.668,0.008,0.0,0.0,0.0,0.0
2,8,1.173,5.34,1.143,3.5789999999999997,0.818,2.177,0.0,0.0,2.329,8.798,15.857000000000001,64.255,0.031,0.0,0.0,0.0,0.0
2,10,38.03,267.056,2.546,9.456,6.962999999999999,68.648,0.0,0.0,0.91,2.225,243.889,1504.787,0.31,0.0,0.0,0.0,0.0
2,11,49.873000000000005,526.634,107.07700000000001,612.633,29.673000000000002,304.876,0.0,0.0,0.146,0.5429999999999999,231.72299999999998,1512.281,0.22,0.0,0.0,0.0,0.0
2,12,29.739,162.95600000000002,200.56,1071.34,0.7829999999999999,4.456,199.581,0.016,2.2159999999999997,4.629,470.22,2211.0570000000002,4.074,0.0,0.0,0.0,0.0
2,14,269.857,2547.3920000000003,27.394000000000002,100.825,2.069,11.905,0.03,0.562,1.5630000000000002,3.5,586.9680000000001,3502.02,95.538,0.0,0.0,0.0,0.0
2,15,469.30800000000005,4180.08,2.713,7.58,2.09,21.256999999999998,4122.224,0.0,2.056,6.521,645.369,3744.445,0.326,0.0,0.0,0.0,0.0
2,16,37.422,199.88099999999997,1.4280000000000002,3.1289999999999996,3.721,22.003,0.0,1.0170000000000001,0.075,0.215,21.021,61.828,3.9,0.0,0.0,0.0,0.0
2,17,2.4930000000000003,7.532,2.9160000000000004,12.979000000000001,107.63,858.122,0.0,0.016,0.023,0.102,5.166,15.857999999999999,0.092,0.0,0.0,0.0,0.0
2,18,0.955,2.522,0.039,0.07400000000000001,0.018000000000000002,0.084,0.0,0.0,0.018000000000000002,0.027999999999999997,0.08199999999999999,0.174,125.18799999999999,0.0,0.0,0.0,0.0
2,19,28.346,160.977,169.56599999999997,160.653,1.14,5.67,0.0,0.0,0.34600000000000003,0.988,92.029,180.80599999999998,0.0,0.0,0.0,0.0,0.0
2,20,2.8960000000000004,13.071,3.733,13.074000000000002,0.7090000000000001,4.251,33947.227,3.199,0.762,2.661,475.48199999999997,2518.095,6979.666,0.0,0.0,0.0,0.0
2,21,0.782,2.7489999999999997,0.141,0.41700000000000004,3.891,32.537,0.0,19.881,0.284,1.6969999999999998,191.40400000000002,928.83,0.094,0.0,0.0,0.0,0.0
2,22,15.587,74.444,11.333,31.695,5.6339999999999995,55.522,0.0,0.032,1.327,4.724,308.785,900.6410000000001,0.0,0.0,0.0,0.0,0.0
2,24,109.445,902.758,148.013,474.548,3.596,13.413,0.0,0.0,0.39799999999999996,1.114,82.33200000000001,374.333,1.86,0.0,0.0,0.0,0.0
2,27,17.784000000000002,86.831,0.0,0.0,0.254,1.256,0.0,0.779,0.057999999999999996,0.183,9.774,34.27,7.643,0.0,0.0,0.0,0.0
2,28,9.066,34.623000000000005,159.471,890.924,1.1320000000000001,5.961,0.188,0.125,4.992,17.974,706.814,3194.651,29.487,0.0,0.0,0.0,0.0
2,29,10.107000000000001,96.051,0.0,0.0,0.133,0.49,0.0,0.0,0.002,0.006,48.368,119.62,0.9640000000000001,0.0,0.0,0.0,0.0
2,30,15.799000000000001,111.945,1634.616,8186.630999999999,41.373999999999995,296.742,45.333999999999996,12.034,4.882,20.773000000000003,553.112,3798.636,0.25,0.0,0.0,0.0,0.0
2,32,12.605,71.563,1.446,10.29,0.102,0.535,0.0,0.5,0.39899999999999997,2.437,107.45200000000001,391.12,9.557,0.0,0.0,0.0,0.0
2,34,17.21,83.867,183.17,990.0139999999999,300.307,1767.2220000000002,77.28399999999999,20815.534,0.993,4.672,41.178000000000004,193.558,1553.6029999999998,0.0,0.0,0.0,0.0
2,36,74.73,568.5,128.11,520.811,0.45899999999999996,2.099,974.9960000000001,12.22,6.4079999999999995,28.511999999999997,276.933,991.809,1.33,0.0,0.0,0.0,0.0
2,38,106.976,696.546,110.323,472.06,35.763000000000005,218.203,0.0,0.0,0.225,0.43799999999999994,226.321,556.148,11.67,0.0,0.0,0.0,0.0
2,39,56.547,553.362,0.35700000000000004,1.141,5.266,50.483999999999995,0.015,4.1610000000000005,1.197,5.386,427.96,1631.2320000000002,3664.732,0.0,0.0,0.0,0.0
2,41,23.313000000000002,156.14,2.883,9.466000000000001,0.019,0.099,0.0,0.0,0.08199999999999999,0.266,61.185,362.624,0.374,0.0,0.0,0.0,0.0
2,42,12.015999999999998,58.221000000000004,5.777,35.294000000000004,4.561,27.441999999999997,0.0,0.0,19.070999999999998,124.52,487.675,2095.857,11.624,0.0,0.0,0.0,0.0
2,43,12.465,67.042,7.721,32.8,0.244,0.6709999999999999,6946.619000000001,0.064,1.798,4.393,480.4,2735.696,0.0,0.0,0.0,0.0,0.0
2,44,1.138,7.815,5.492999999999999,32.361999999999995,0.41700000000000004,2.396,0.0,0.0,0.01,0.033,182.34799999999998,927.1519999999999,3.1719999999999997,0.0,0.0,0.0,0.0
2,46,23.963,269.353,58.18600000000001,483.19300000000004,0.28300000000000003,1.4969999999999999,0.016,33.483000000000004,3.713,15.472000000000001,978.3989999999999,3529.31,0.218,0.0,0.0,0.0,0.0
2,47,37.065,193.387,29.311999999999998,118.17299999999999,1.5859999999999999,14.888,25844.705,1.185,3.3739999999999997,8.288,47.071999999999996,130.972,0.899,0.0,0.0,0.0,0.0
2,48,314.226,1831.118,28.809,75.848,20.476,135.239,0.016,0.0,0.002,0.005,73.757,319.947,0.015,0.0,0.0,0.0,0.0
2,49,25.987,176.132,4.147,13.658,1.413,12.448,0.0,0.047,1.734,7.465,639.694,2526.178,0.0,0.0,0.0,0.0,0.0
2,50,57.805,220.399,116.056,457.44800000000004,7.096,28.261999999999997,0.156,197.937,0.326,0.506,26.779,84.698,217.019,0.0,0.0,0.0,0.0
2,51,4.987,34.955999999999996,2.8960000000000004,19.37,0.265,1.868,43.931999999999995,0.0,0.46299999999999997,1.921,623.481,2234.902,7.287000000000001,0.0,0.0,0.0,0.0
2,52,11.734000000000002,80.044,6.392,22.605,0.991,4.359,0.0,0.8009999999999999,5.651,34.227,431.413,1515.543,10.687999999999999,0.0,0.0,0.0,0.0
2,53,11.167,69.398,636.561,2502.843,6.062,38.058,0.0,0.0,0.878,2.741,67.867,202.959,0.42,0.0,0.0,0.0,0.0
2,54,9.51,51.57899999999999,13.231,82.115,0.687,2.758,0.0,0.282,0.46299999999999997,1.7469999999999999,49.73,251.477,229.65200000000002,0.0,0.048,0.0,0.0
2,56,9.683,51.855,10.201,46.547,6.289,58.157,2079.076,177.493,0.061,0.27399999999999997,32.662,139.862,2.246,0.0,0.0,0.0,0.0
2,59,70.023,577.937,3.2110000000000003,14.087,1.13,8.246,0.0,0.265,12.335,64.991,2059.283,13929.141000000001,785.023,0.0,0.0,0.0,0.0
2,61,3.853,25.328000000000003,170.96900000000002,661.795,12.129000000000001,134.355,0.156,0.0,0.006,0.013000000000000001,10.115,31.894000000000002,0.359,0.0,0.078,0.0,0.0
2,63,109.302,595.055,18.719,126.226,3.535,28.559,126.415,0.094,2.26,5.202000000000001,812.8960000000001,5064.385,30.256,0.0,0.0,306.252,0.0
2,66,16.25,138.386,4.944,23.136,18.451,143.005,0.0,0.0,0.6890000000000001,1.699,288.76099999999997,2265.821,340.19699999999995,0.0,0.0,0.0,0.0
2,67,294.774,2109.885,149.822,1048.807,37.507,257.82,2.501,0.0,0.052000000000000005,0.20600000000000002,980.793,4631.329000000001,0.094,0.0,0.046,0.0,0.0
2,70,8.554,71.546,2.222,7.4270000000000005,1.883,8.65,0.016,0.0,0.5489999999999999,1.962,1486.8310000000001,9431.599,0.687,0.0,0.0,0.0,0.0
2,71,24.651999999999997,184.653,7.042000000000001,33.095,0.342,1.3869999999999998,0.032,4.035,0.309,0.6609999999999999,126.648,365.233,0.008,0.0,0.0,0.0,0.0
2,72,14.466,103.694,0.903,4.5,5.617999999999999,44.668,0.0,0.063,0.302,0.841,6.546,26.874000000000002,3.182,0.0,0.0,0.0,0.0
2,73,5.367999999999999,20.554000000000002,0.0,0.0,658.488,4154.898,0.0,0.0,1.686,8.001,251.545,1054.009,0.376,0.0,0.0,0.0,0.0
2,74,12.089,72.021,7.176,35.483000000000004,7.723,61.967,14.25,0.0,0.265,0.774,418.86,2681.68,0.078,0.0,0.0,0.0,0.0
2,76,9.516,64.969,2.45,9.632,0.213,1.136,0.469,0.0,1.4240000000000002,5.537000000000001,294.723,1188.4180000000001,0.0,0.0,0.0,0.0,0.0
2,78,62.328,514.021,1.155,4.586,0.546,2.499,1.03,0.0,4.5,10.927999999999999,845.118,4002.675,0.0,0.0,0.0,0.0,0.0
2,79,20.594,89.854,4.471,18.704,0.733,4.232,1465.515,0.172,2.675,5.591,485.81699999999995,2122.2729999999997,0.0,0.0,0.0,0.0,0.0
2,80,95.28299999999999,500.119,885.882,3726.8779999999997,0.643,3.733,1.942,9923.178,0.9279999999999999,2.695,790.492,1950.109,574.182,1646.356,0.0,0.0,0.0
2,81,95.02600000000001,720.0010000000001,49.713,221.08599999999998,71.232,553.004,0.0,0.0,13.402000000000001,68.388,342.01199999999994,1552.51,4.872,0.0,0.0,0.0,0.0
2,82,52.18899999999999,461.108,18.028,124.47399999999999,5.39,52.403999999999996,0.09300000000000001,0.0,0.083,0.457,420.207,2122.669,0.9359999999999999,0.0,0.0,0.0,0.0
2,83,22.164,206.62900000000002,0.0,0.0,0.091,0.335,0.18600000000000003,9.331,0.002,0.006,2.7489999999999997,13.581,2075.937,0.0,0.0,0.0,0.0
2,84,39.479,248.75599999999997,0.0,0.0,0.27399999999999997,0.725,0.0,0.0,0.75,1.3769999999999998,257.872,529.033,86693.025,0.0,0.0,0.0,0.0
2,85,161.06799999999998,1747.016,502.586,3093.14,17.584,128.18200000000002,0.0,0.0,0.381,0.708,166.12599999999998,985.9,29.502,0.0,0.0,0.0,0.0
2,86,18.589000000000002,108.175,5.481,21.423000000000002,2.013,21.319000000000003,0.0,706.534,4.663,31.6,279.403,690.9910000000001,6.397,0.0,0.0,0.0,0.0
2,87,9.475,66.314,4.271,17.371,8.871,46.99,0.0,0.0,0.28800000000000003,1.189,307.498,1433.9029999999998,0.524,0.0,0.0,0.0,0.0
2,88,8.306000000000001,28.268,4.559,16.577,11.315,71.607,0.0,0.031,1.317,4.144,209.292,578.229,3.0989999999999998,0.0,0.0,0.0,0.0
2,90,2.088,13.069,0.457,2.0780000000000003,25.570999999999998,170.77,0.0,0.016,0.036000000000000004,0.068,458.384,1265.527,22.427,0.0,0.0,0.0,0.0
2,91,435.68800000000005,5510.878000000001,47.501999999999995,252.071,16.317999999999998,139.816,0.032,0.0,0.281,1.2429999999999999,250.062,933.825,0.0,0.0,0.0,0.0,0.0
2,92,44.738,211.764,75.788,455.741,0.28800000000000003,0.856,0.0,0.03,1.858,5.901,464.278,3169.677,0.016,0.0,0.0,0.0,0.0
2,93,15.645999999999999,53.37,23.849,108.96600000000001,7.6129999999999995,45.352,0.0,17.037,0.04,0.106,378.19599999999997,1323.4489999999998,60151.115,0.0,0.0,0.0,0.0
2,94,78.96,978.3530000000001,2.843,12.175999999999998,4.822,30.406,0.015,0.0,12.546,41.033,233.63400000000001,749.3789999999999,0.0,0.0,0.0,0.0,0.0
2,95,9.809,49.169,0.044000000000000004,0.091,7.401,51.023,0.0,0.0,1.178,3.9819999999999998,0.226,1.129,0.21899999999999997,0.0,0.0,0.0,0.0
2,96,4.659,24.799,2.609,10.16,1.006,3.859,0.46799999999999997,0.015,3.484,17.465,212.127,645.722,2.028,0.0,0.0,0.0,0.0
2,97,5.8839999999999995,39.385,41.934,262.38599999999997,2.9,21.34,0.0,0.0,0.919,3.1660000000000004,214.58700000000002,839.428,574.807,0.0,0.0,0.0,0.0
2,98,30.734,155.137,657.4910000000001,3199.8259999999996,2.167,4.8,74524.019,0.016,0.361,0.951,380.256,1565.1960000000001,35.236,0.0,0.0,0.0,0.0
2,99,3.842,12.392999999999999,4.838,16.402,0.11800000000000001,0.358,0.0,0.016,0.128,0.374,22.386999999999997,106.508,0.0,0.0,0.0,0.0,0.0
2,100,74.131,370.412,44.119,123.92299999999999,25.15,205.049,0.0,0.0,2.002,9.686,115.585,520.567,0.22,0.0,0.0,0.0,0.0
2,101,23.505,145.457,27.636999999999997,101.374,0.462,2.633,0.0,0.0,0.025,0.07200000000000001,690.382,2915.665,630.25,0.0,0.0,0.0,0.0
2,102,10.743,55.997,4.92,14.064,4.04,41.131,0.0,0.22,8.087,50.65,134.893,784.307,2.189,0.0,0.0,0.0,0.0
2,103,3.864,11.100999999999999,1.899,5.686,0.298,0.8079999999999999,551.156,109.554,0.978,3.17,73.161,278.808,5.111000000000001,0.0,0.0,0.0,0.0
2,104,85.382,840.513,68.286,270.51099999999997,1.335,6.9479999999999995,0.0,0.0,2.603,10.554,242.68,725.16,5.945,0.0,0.0,0.0,0.0
2,107,42.416000000000004,346.371,255.08900000000003,1243.32,329.626,2907.998,12.481,0.0,0.795,2.399,142.287,553.82,2.161,5.308,0.0,0.0,0.0
3,2,13.213,82.148,6.337000000000001,21.969,0.467,1.645,0.0,0.0,13.175999999999998,59.203,251.65599999999998,1442.94,0.312,0.0,0.0,0.0,0.0
3,3,32.747,333.14300000000003,0.503,1.216,12.552,152.599,0.079,0.0,0.011000000000000001,0.024,41.739,112.15700000000001,9433.661,0.0,0.0,0.0,0.0
3,4,17.632,125.712,5.935,19.938,3.502,24.485,0.0,0.094,1.176,2.9010000000000002,229.169,1250.147,55.11,0.0,0.09300000000000001,0.0,0.0
3,5,6.189,49.196000000000005,17.500999999999998,79.759,24.451999999999998,354.48,0.14,0.095,2.351,13.173,105.824,466.36300000000006,0.214,0.0,0.0,0.0,0.0
3,6,42.872,501.14,0.306,1.4980000000000002,0.249,1.5919999999999999,62.041000000000004,0.032,0.10400000000000001,0.24,95.27600000000001,485.365,0.0,0.0,0.0,0.0,0.0
3,7,8.087,45.882,0.209,0.754,0.381,2.647,0.0,0.0,1.5830000000000002,7.3870000000000005,570.911,3340.0029999999997,0.141,0.0,0.0,0.0,0.0
3,8,275.043,1744.135,0.769,2.764,0.752,2.0869999999999997,0.0,0.0,1.9040000000000001,7.272,8.914,48.258,0.10800000000000001,0.0,0.0,0.0,0.0
3,9,6.195,41.297,192.132,787.064,8.536,50.053999999999995,183.56599999999997,0.0,0.163,0.583,231.648,982.295,136.534,0.0,0.0,0.0,0.0
3,10,28.678,228.53900000000002,1.79,7.638999999999999,4.315,53.663999999999994,0.0,0.0,0.716,2.0,144.925,1094.0819999999999,1.53,0.0,0.0,0.0,0.0
3,11,39.825,464.04,97.348,584.496,23.019000000000002,262.905,0.0,0.03,0.135,0.519,198.14700000000002,1399.079,38492.189,0.0,0.0,0.0,0.0
3,12,27.500999999999998,156.679,192.43200000000002,1049.85,180.41299999999998,2490.94,0.0,27.127,1.6540000000000001,4.04,570.012,2444.897,0.032,0.0,0.0,0.0,0.0
3,14,226.482,2328.644,25.784000000000002,97.051,2.31,12.957,0.0,0.0,1.205,3.1189999999999998,446.959,2679.566,0.406,0.0,0.0,0.0,0.0
3,15,314.612,3420.15,1.7169999999999999,6.095,1.807,17.83,0.0,0.0,1.767,6.068,385.658,2716.986,0.109,0.0,0.0,0.0,0.0
3,16,24.434,150.571,1.391,2.677,4.511,22.066,0.016,12.18,0.073,0.212,15.8,52.909,1794.3310000000001,0.0,0.0,0.0,0.0
3,17,14.084000000000001,106.329,3.105,11.798,57.551,626.686,0.016,0.016,0.067,0.33299999999999996,25.119,97.11200000000001,10.074,0.0,0.0,0.0,0.0
3,18,2.166,12.447000000000001,0.03,0.064,0.953,8.71,0.0,0.0,1.527,5.836,28.656999999999996,110.705,0.0,0.0,0.0,0.0,0.0
3,19,29.979,159.689,169.56599999999997,160.653,1.0290000000000001,5.269,0.015,0.0,0.308,0.9109999999999999,73.834,162.377,0.217,0.0,0.0,0.0,0.0
3,20,8.013,55.021,3.733,13.074000000000002,26.513,329.056,0.0,3.199,0.677,2.4930000000000003,396.889,2180.295,11.32,22.288,0.0,0.0,0.0
3,23,32.064,164.595,90.58,338.278,1.426,4.369,0.0,2646.018,0.0,0.0,16.992,17.312,10312.864,17862.323,0.0,0.0,0.0
3,24,93.046,807.794,123.97200000000001,436.699,6.0760000000000005,37.988,0.062,0.25,0.261,0.87,58.628,316.96299999999997,0.0,0.0,0.0,0.0,0.0
3,25,15.600999999999999,81.17399999999999,0.5589999999999999,1.188,4.707,32.772,25.764,0.001,2.094,0.0,190.06599999999997,265.498,4.109,0.0,0.0,0.0,0.0
3,27,11.154000000000002,66.938,1088.67,1871.8570000000002,0.311,1.423,0.0,3263.598,0.04,0.154,56.59,245.275,5.9270000000000005,0.0,0.0,0.0,0.0
3,28,6.897,29.456999999999997,116.315,761.1310000000001,0.853,5.172999999999999,0.0,0.0,3.826,15.716,388.241,2062.077,1.217,0.0,0.0,0.0,0.0
3,29,8.543,88.25399999999999,0.276,0.639,0.218,0.617,0.0,4.958,0.003,0.008,28.851999999999997,83.13600000000001,6.857,0.0,0.0,0.0,0.0
3,30,13.550999999999998,97.264,1282.879,7214.599,27.299,239.84400000000002,0.0,51.43899999999999,3.5260000000000002,17.570999999999998,470.686,3502.5229999999997,60.213,0.0,0.0,0.0,0.0
3,31,45.24100000000001,158.28,1.591,4.658,1.003,2.7030000000000003,0.0,0.0,0.033,0.09300000000000001,12.168,18.194000000000003,0.188,0.0,0.0,0.0,0.0
3,32,10.443,64.233,1.4180000000000001,9.533,0.774,8.128,0.0,10.265,0.39399999999999996,2.315,84.8,348.63599999999997,78.357,0.0,0.0,0.0,0.0
3,34,16.663,79.89,151.929,901.635,238.62599999999998,1577.1329999999998,0.0,0.0,0.5870000000000001,3.589,25.61,151.607,1.39,0.0,0.0,0.0,0.0
3,35,26.158,67.127,21.366,46.042,21.734,112.897,2.9560000000000004,45.833,0.0,0.0,9.948,31.36,97.898,0.0,0.0,0.0,0.0
3,36,59.916000000000004,495.853,128.11,520.811,0.33399999999999996,1.7630000000000001,0.344,0.47100000000000003,5.733,25.68,351.288,1217.655,0.982,0.0,0.0,0.0,0.0
3,38,77.821,586.871,75.865,388.798,29.802,199.22299999999998,0.031,0.701,0.201,0.419,166.734,484.63800000000003,0.484,0.0,0.0,0.0,0.0
3,39,141.672,1100.56,0.39399999999999996,1.133,3.634,40.978,0.0,0.0,0.929,4.675,377.61300000000006,1536.467,2.467,0.0,0.0,0.0,0.0
3,41,31.166,139.083,4.007,13.995,1.14,7.102,0.0,0.0,0.48,2.147,65.373,289.959,40.17,0.0,0.0,0.0,0.0
3,42,10.489,54.372,4.6419999999999995,30.99,3.733,24.688000000000002,0.0,0.0,14.972000000000001,110.34299999999999,397.411,1896.727,4.513999999999999,0.0,0.0,0.0,0.0
3,43,12.888,63.504,7.067,31.302,0.223,0.631,0.14,0.34299999999999997,1.643,4.155,370.684,2398.272,6100.916,0.0,0.0,0.0,0.0
3,44,0.7929999999999999,6.391,17.096,128.459,1.656,10.165,0.0,969.707,0.017,0.054000000000000006,116.809,716.192,0.001,0.0,0.0,0.0,0.0
3,45,2.6889999999999996,6.67,121.307,209.59900000000002,43.146,86.23,0.0,0.094,0.0,0.0,0.7709999999999999,0.924,0.0,0.0,0.0,0.0,0.0
3,47,35.302,193.14,22.932,104.926,1.359,12.332,0.327,153.266,2.469,7.195,41.078,122.991,90.67299999999999,0.0,0.0,0.0,0.0
3,48,208.81,1434.276,19.628,63.402,13.725,110.04700000000001,0.03,0.872,0.001,0.004,52.638999999999996,268.681,0.0,0.0,0.0,0.0,0.0
3,49,23.748,163.41899999999998,3.2,11.995999999999999,3.175,28.113000000000003,0.0,0.0,1.3730000000000002,6.497000000000001,522.216,2292.654,0.032,0.0,0.0,0.0,0.0
3,50,48.792,201.362,87.03299999999999,373.72900000000004,4.805,21.23,0.0,0.358,0.531,1.2830000000000001,18.801,67.567,2.0580000000000003,0.0,0.0,0.0,0.0
3,51,3.741,29.188000000000002,2.835,18.643,0.23800000000000002,1.6740000000000002,0.318,5.093999999999999,0.451,1.896,595.795,2187.9139999999998,0.008,0.0,0.0,0.0,0.0
3,52,13.055,75.229,64.71,355.999,1.4280000000000002,8.15,2.09,0.0,4.103,28.930999999999997,271.033,1126.911,0.0,0.0,0.0,0.0,0.0
3,53,8.595,60.611999999999995,509.249,2239.126,4.155,30.89,0.0,0.0,0.782,2.596,65.66199999999999,239.97299999999998,0.0,0.0,0.0,0.0,0.0
3,54,8.535,47.41,12.312999999999999,73.745,0.6629999999999999,2.47,0.0,0.0,0.349,1.515,33.251999999999995,204.07299999999998,446.106,0.0,0.048,0.0,0.0
3,55,14.763,105.906,8.789,27.068,2.093,20.511,0.091,5.062,0.5670000000000001,1.254,345.974,1870.4160000000002,8.158,0.0,0.0,0.0,0.0
3,56,13.815999999999999,78.984,8.127,41.622,71.443,956.8489999999999,0.0,0.0,0.052000000000000005,0.255,27.111,123.089,130.632,0.0,0.0,0.0,0.0
3,59,62.284,459.681,115.24700000000001,826.8969999999999,1.6480000000000001,11.979000000000001,0.005,0.016,10.574000000000002,60.181999999999995,1682.3029999999999,12594.903999999999,0.0,0.0,0.0,0.009000000000000001,0.0
3,61,23.045,164.043,70.59899999999999,403.63300000000004,9.558,110.035,0.0,0.0,0.02,0.037000000000000005,6.879,26.478,0.0,0.0,0.078,0.0,0.0
3,66,251.315,2749.385,4.501,21.713,15.895,132.435,0.0,0.0,0.622,1.625,281.88,2071.347,0.0,0.0,0.0,0.0,0.0
3,67,272.249,2028.092,102.72399999999999,864.905,28.651,225.417,0.0,0.0,0.059000000000000004,0.207,887.915,4173.952,0.032,0.0,0.046,0.0,0.0
3,68,37.702,181.43599999999998,29.732,128.591,0.124,0.491,0.0,7.474,0.9059999999999999,2.66,130.958,676.028,0.046,0.0,0.0,0.0,0.0
3,69,161.85,483.15,53.062,118.124,2.9589999999999996,9.993,308.471,0.8420000000000001,0.047,0.081,8.959,15.312999999999999,12.795,0.0,0.0,0.0,0.0
3,70,8.891,69.822,2.178,7.357,3.9410000000000003,25.669,0.0,35.471,0.419,1.723,916.7460000000001,7056.265,2.6039999999999996,0.0,0.0,0.0,0.0
3,72,11.856,92.96700000000001,1.442,6.059,2.9130000000000003,32.015,0.015,1.426,0.22899999999999998,0.74,4.862,22.726999999999997,0.06,0.0,0.0,0.0,0.0
3,73,5.32,20.338,0.0,0.0,590.4169999999999,3567.9990000000003,473.36300000000006,0.0,1.262,6.837999999999999,188.947,886.3560000000001,0.75,0.0,0.0,0.0,0.0
3,74,41.297,524.04,6.0520000000000005,32.459,7.242999999999999,57.369,0.0,0.0,0.253,0.758,355.965,2471.308,0.894,0.0,0.0,0.0,0.0
3,75,7.252000000000001,21.164,0.525,0.721,0.109,0.376,0.015,0.0,0.059000000000000004,0.096,213.108,988.623,470.92400000000004,0.0,0.0,0.0,0.0
3,76,6.983,51.032,1.5719999999999998,7.602,0.19699999999999998,1.0979999999999999,0.0,0.0,1.088,4.857,181.90200000000002,928.435,0.638,0.0,0.0,0.0,0.0
3,78,36.561,389.004,0.934,3.929,0.475,2.282,3.353,192.61,4.053,10.437000000000001,651.255,3520.467,0.268,0.0,0.0,0.0,0.0
3,79,18.64,85.104,4.245,17.802,0.625,3.67,0.0,0.25,2.289,5.149,792.308,3522.105,1.5430000000000001,0.0,0.0,0.0,0.0
3,80,33731.748999999996,398331.446,647.271,3128.685,0.531,3.364,259.067,20198.896,0.662,2.289,624.075,1757.255,0.13,0.0,0.0,0.0,0.0
3,81,78.11,642.251,36.667,190.18099999999998,47.111999999999995,446.759,0.8759999999999999,0.8140000000000001,11.872,64.385,506.05199999999996,2144.301,1.546,0.0,0.0,0.0,0.0
3,82,585.111,7616.431,15.205,108.662,4.758,49.05,0.252,0.016,0.078,0.434,320.347,1858.037,317.847,0.0,0.0,0.0,0.0
3,83,14.684000000000001,164.058,0.5870000000000001,1.598,0.21899999999999997,0.95,0.015,1.472,2.499,7.486000000000001,6.082999999999999,23.694000000000003,195.05,0.0,0.0,0.0,0.0
3,84,27.86,189.577,0.0,0.0,0.249,0.637,0.64,0.9059999999999999,0.473,1.129,129.135,387.32199999999995,0.688,0.0,0.0,0.0,0.0
3,85,99.965,1359.318,361.56,2619.535,12.530999999999999,105.63600000000001,0.0,0.0,0.33899999999999997,0.657,147.096,794.698,0.203,0.0,0.0,0.0,0.0
3,86,11.322000000000001,83.70100000000001,3.582,17.256,1.496,18.37,0.0,0.094,3.735,28.27,185.639,543.302,24.389,0.0,0.0,0.0,0.0
3,87,7.287000000000001,55.00899999999999,3.906,15.491,6.442,40.129,0.0,5.922999999999999,0.24100000000000002,1.077,229.21900000000002,1106.479,0.469,0.0,0.0,0.0,0.0
3,88,7.308,25.67,3.9410000000000003,15.472000000000001,7.034,56.043,0.0,9.582,1.036,3.654,153.312,498.724,0.032,0.0,0.0,0.0,0.0
3,89,13366.973,78563.192,0.344,0.0,0.10800000000000001,0.22899999999999998,0.188,0.0,4.144,4.016,306.461,279.623,25936.41,71980.076,0.0,0.0,0.0
3,90,1.861,11.273,0.449,2.004,42.12,317.502,341.1,0.0,0.065,0.156,351.477,1122.371,4.667,0.0,0.0,0.0,0.0
3,91,332.865,4812.459,41.586999999999996,234.93,11.882,119.021,0.0,0.0,0.215,1.087,221.262,816.1,14.522,0.0,0.0,0.0,0.0
3,92,36.65,191.115,65.869,424.486,1.124,6.037999999999999,0.016,0.001,1.713,5.597,415.119,2997.844,0.016,0.0,0.0,0.0,0.0
3,93,17.118,78.918,22.784000000000002,105.99600000000001,5.622000000000001,38.878,0.016,0.0,0.027000000000000003,0.087,220.148,1000.206,25.568,0.0,0.0,0.0,0.0
3,94,72.125,925.3539999999999,2.271,10.902999999999999,5.026,29.892,0.0,1.9069999999999998,10.107999999999999,37.045,248.88400000000001,686.7489999999999,0.0,0.0,0.0,0.0,0.0
3,95,6.937,41.258,0.33399999999999996,1.746,5.5329999999999995,43.995,0.016,0.0,1.021,3.3539999999999996,3.5589999999999997,17.065,0.0,0.0,0.0,0.0,0.0
3,97,5.039,35.852,28.463,216.013,2.2569999999999997,18.589000000000002,0.125,115.322,0.7090000000000001,2.7119999999999997,146.695,689.1110000000001,0.0,0.0,0.0,0.0,0.0
3,98,263.774,2553.4829999999997,657.4910000000001,3199.8259999999996,1.3259999999999998,3.878,0.0,0.062,0.28600000000000003,0.812,328.042,1278.781,102.26899999999999,0.0,0.0,0.0,0.0
3,99,25.101999999999997,222.35,3.123,12.012,0.076,0.314,10.17,0.0,0.11800000000000001,0.34600000000000003,113.395,669.232,0.063,0.0,0.0,0.0,0.0
3,100,59.007,316.54400000000004,29.826,103.583,19.913,182.475,0.015,0.0,1.7630000000000001,9.046,110.262,491.374,2.593,0.0,0.0,0.0,0.0
3,101,18.334,128.594,28.406999999999996,99.499,0.377,2.254,0.0,0.0,0.021,0.067,581.3919999999999,2683.158,32.735,0.0,0.0,0.0,0.0
3,102,9.895,53.24,5.153,14.019,3.1860000000000004,36.32,0.0,0.0,7.5729999999999995,49.011,97.84200000000001,652.211,3.477,0.0,0.0,0.0,0.0
3,105,17.449,154.77700000000002,14.762,79.77600000000001,0.018000000000000002,0.078,720.6460000000001,0.032,0.01,0.027000000000000003,419.66,1430.731,0.271,0.47,0.0,0.0,0.0
3,106,468.971,2668.008,0.099,0.358,0.36700000000000005,1.2570000000000001,0.126,0.0,0.01,0.027999999999999997,37.172,111.616,1.794,0.0,0.0,0.0,0.0
3,107,154.40200000000002,1474.7520000000002,118.291,810.2919999999999,179.231,2134.228,0.0,0.0,0.599,2.084,108.86200000000001,486.63,6.436,0.0,0.0,0.0,0.0
4,1,5.978,42.196999999999996,71.57300000000001,475.741,1.041,9.988999999999999,0.096,0.0,3.2510000000000003,14.52,420.04900000000004,2269.346,6.7379999999999995,0.0,0.0,0.0,0.0
4,2,14.325,89.22399999999999,4.711,18.519000000000002,0.368,1.43,0.0,0.032,17.392,62.269,418.195,1860.38,3.719,0.0,0.0,0.0,0.0
4,3,26.493000000000002,295.964,0.41100000000000003,1.085,9.956,134.83,0.032,3613.853,1.242,5.04,149.951,1320.4229999999998,46.902,0.0,0.0,0.0,0.0
4,4,14.620999999999999,111.807,7.212000000000001,29.854,3.275,22.875999999999998,0.0,427.815,113.89399999999999,871.711,281.263,1524.326,350.67400000000004,0.0,0.016,0.0,0.0
4,5,9.695,76.51100000000001,17.500999999999998,79.759,22.773000000000003,342.094,31.066999999999997,0.095,1.3130000000000002,8.919,84.105,400.32199999999995,0.46799999999999997,0.0,0.0,0.0,0.0
4,6,26.590999999999998,383.145,280.062,2331.9179999999997,8.096,98.46799999999999,0.015,3768.603,4.4910000000000005,16.655,78.561,461.48800000000006,79.89399999999999,0.0,0.0,0.0,0.0
4,7,6.56,41.25,23604.154,201579.324,0.331,2.4619999999999997,0.09300000000000001,0.0,7.4879999999999995,28.478,673.57,3429.2709999999997,15.05,0.0,0.0,0.0,0.0
4,8,137.836,1233.405,4.998,27.978,2.0180000000000002,15.515,2.25,46.133,167.56900000000002,1330.869,66.997,318.822,0.0,0.0,0.0,0.0,0.0
4,9,5.4239999999999995,37.725,140.127,672.669,157.251,1607.5770000000002,0.0,0.0,26.485,141.547,145.20600000000002,749.939,1.126,0.0,0.0,0.0,0.0
4,10,24.704,205.394,6.256,38.856,4.0280000000000005,47.82,17.656,0.0,2.164,12.055,201.4,1043.326,31.076,0.0,0.0,0.0,0.0
4,11,68.402,722.6039999999999,90.493,563.7919999999999,20.802,249.952,0.235,0.0,1.137,3.388,121.193,921.4630000000001,0.198,0.0,0.0,0.0,0.0
4,12,25.745,151.57299999999998,180.295,1016.7310000000001,166.74099999999999,2393.209,0.0,194.697,43.156000000000006,331.608,471.19800000000004,2617.299,867.73,0.0,0.0,0.0,0.0
4,13,0.9440000000000001,3.721,5.617999999999999,21.51,108.345,682.183,0.0,1471.848,36.333,253.50799999999998,983.813,3773.259,1983.2720000000002,0.0,0.0,0.0,0.0
4,14,193.19,2140.3,20.334,86.355,2.0540000000000003,12.220999999999998,0.0,0.0,127.79,578.196,287.087,1856.558,158.78,0.0,0.0,0.0,0.0
4,15,282.08799999999997,3067.0240000000003,209.481,1604.745,2.987,21.045,0.0,0.0,3.71,18.589000000000002,368.716,2577.779,12.671,0.0,0.0,0.0,0.0
4,16,97.555,964.52,1.354,2.405,3.418,19.207,0.001,0.0,12.530999999999999,105.47200000000001,91.647,513.398,89.463,0.0,0.0,0.0,0.0
4,17,29.311,200.09,116.853,840.5160000000001,46.04600000000001,560.53,0.016,1.796,182.921,779.916,459.57800000000003,2832.867,0.03,0.0,0.0,0.0,0.0
4,18,3.015,17.348,0.09,0.214,1.199,8.36,0.0,0.016,5070.497,29000.762000000002,26.858,97.889,0.141,0.0,0.0,0.0,0.0
4,19,26.701,147.401,169.56599999999997,160.653,0.7959999999999999,4.592,0.0,0.0,0.917,2.864,80.586,157.954,11644.34,0.0,0.0,0.0,0.0
4,20,11.354000000000001,104.21700000000001,3.733,13.074000000000002,21.999000000000002,299.358,0.0,0.0,3.2430000000000003,18.704,264.594,1663.391,1.169,0.0,0.0,0.0,0.0
4,21,96.524,1067.5,219.12099999999998,1548.1370000000002,3.6710000000000003,28.863000000000003,0.0,0.0,0.22899999999999998,1.4380000000000002,1027.212,9252.195,0.015,0.0,0.0,0.0,0.0
4,22,12.845,66.22,8.003,26.974,4.155,47.641000000000005,0.0,0.0,1.028,3.838,474.199,1798.1789999999999,0.0,0.0,0.0,0.0,0.0
4,23,27.976999999999997,142.808,2128.317,16735.746,1.774,5.779,3.108,108.425,11.799000000000001,20.113,118.851,321.921,1.014,0.0,0.0,0.0,0.0
4,24,136.753,1018.763,93.57600000000001,381.99300000000005,4.622,33.083,0.0,0.0,26.037,152.594,79.04,346.037,873.47,0.0,0.0,0.0,0.0
4,25,7.685,51.568999999999996,5.572,12.269,3.783,28.965,0.0,4.843999999999999,131.216,575.549,6080.696,50370.639,0.0,0.0,0.0,0.0,0.0
4,26,2211.407,6254.11,0.0,0.0,5310.236,24382.278,0.064,0.0,39.271,282.318,151.34799999999998,787.451,0.0,0.0,0.0,0.0,0.0
4,27,9.07,57.913000000000004,816.502,1622.405,0.261,1.232,0.0,0.0,21.765,146.064,203.051,1006.81,1345.4,0.0,0.0,0.0,0.0
4,28,9.427,62.67,84.63,649.316,3.114,24.839000000000002,0.376,0.0,22.884,72.325,342.54699999999997,1643.57,35.188,0.0,0.0,0.0,0.0
4,29,6.9239999999999995,79.179,0.12,0.353,0.16699999999999998,0.528,0.0,0.0,3.891,35.235,42.681999999999995,152.058,0.7190000000000001,0.0,0.0,0.0,0.0
4,30,18.062,138.403,1282.879,7214.599,23.183000000000003,220.93099999999998,0.733,51.43899999999999,139.631,851.842,667.645,3625.969,10.477,0.0,0.0,0.0,0.0
4,31,32.711999999999996,131.486,3.917,13.940999999999999,3.813,29.525,0.0,0.0,1.81,8.205,322.238,1383.047,0.531,0.0,0.0,0.0,0.0
4,32,9.572000000000001,60.538999999999994,4.499,25.264,0.6559999999999999,7.477,0.0,0.0,5.4670000000000005,39.014,306.781,1344.109,816.6089999999999,0.0,0.0,0.0,0.0
4,33,11.039000000000001,28.975,0.42100000000000004,0.643,0.11800000000000001,0.614,0.0,0.0,44.858000000000004,187.528,1301.742,3906.5879999999997,0.344,0.0,0.0,0.0,0.0
4,34,21.253,89.617,168.22299999999998,906.426,177.78400000000002,1362.7920000000001,51035.448,0.187,20.658,142.673,501.32099999999997,5271.125,8.111,0.0,0.0,0.0,0.0
4,35,12.208,53.589,9.019,41.045,17.602999999999998,97.16799999999999,0.0,4.227,23.074,97.87100000000001,345.814,3696.828,1.7890000000000001,0.0,0.0,0.0,0.0
4,36,55.74100000000001,423.712,128.11,520.811,0.27899999999999997,1.6119999999999999,37.585,0.47100000000000003,38.247,193.62900000000002,300.101,1096.5439999999999,47.023,0.0,0.0,0.0,0.0
4,37,9.649,56.163000000000004,0.165,0.273,367.034,3809.1609999999996,0.0,0.0,86.18,379.051,484.42800000000005,1805.736,178642.658,0.0,0.0,0.0,0.0
4,38,58.903,509.329,53.832,322.869,22.403000000000002,171.199,0.966,0.0,0.247,0.665,111.595,397.551,0.14,0.0,0.0,0.0,0.0
4,39,116.555,997.102,4.5089999999999995,25.346999999999998,2.97,36.137,0.0,0.0,38.698,303.714,543.683,3205.1079999999997,1899.905,0.0,0.047,0.0,0.0
4,40,2.48,8.285,9.276,25.151999999999997,0.066,0.25,0.0,0.0,16.546,28.261,558.4540000000001,2768.551,0.0,0.0,0.0,0.0,0.0
4,41,29.725,133.534,2.9789999999999996,12.130999999999998,0.9390000000000001,6.218999999999999,0.0,237.149,6.604,44.894,190.877,604.13,0.0,0.0,0.0,0.0,0.0
4,42,34.679,355.214,6.885,41.598,3.2039999999999997,20.412,0.0,0.0,14.275,83.83,310.764,1413.99,0.032,0.0,0.0,0.0,0.0
4,43,12.023,58.881,5.522,27.534000000000002,0.242,0.9,0.0,0.0,1.8730000000000002,4.2139999999999995,472.23699999999997,3252.07,0.0,0.0,0.0,0.0,0.0
4,44,0.79,6.172000000000001,17.096,128.459,1.246,8.726,0.0,0.0,0.915,5.456,103.38,612.775,662.077,0.0,0.0,0.0,0.0
4,45,29.108,92.579,60.169,103.417,13.782,40.824,48.94,0.998,8.434,30.397,301.08,1022.7289999999999,2.156,2.7230000000000003,0.0,0.0,0.0
4,46,23.526,256.21,85.29799999999999,575.319,0.221,1.3090000000000002,0.943,0.0,1.829,9.669,388.681,2195.366,0.032,0.0,0.0,0.0,0.0
4,47,30.399,174.128,28.651,139.149,1.0190000000000001,10.669,0.0,0.0,5.48,20.176,97.98200000000001,518.609,126.68,219.416,0.0,0.0,0.0
4,48,178.485,1327.3410000000001,19.628,63.402,9.986,92.73,0.0,76.193,3.675,18.278,338.539,2560.576,2.048,0.0,0.0,0.0,0.0
4,49,21.281,153.114,2.4419999999999997,10.325999999999999,2.9989999999999997,27.295,0.0,1.607,1.7469999999999999,8.627,321.22,1614.559,0.045,0.0,0.0,0.0,0.0
4,50,45.986999999999995,180.601,128.485,441.82199999999995,3.92,18.137,0.062,0.063,6.928,30.413,3993.8509999999997,31943.053,4.12,0.0,0.0,0.0,0.0
4,51,4.461,31.57,2.8089999999999997,18.543,0.245,1.631,0.0,108.89299999999999,72.164,278.97,372.027,1631.0610000000001,28.666999999999998,0.0,0.0,0.0,0.0
4,52,12.556,72.389,82.815,361.13199999999995,1.392,7.659,0.0,1.5590000000000002,26.283,114.421,359.801,1776.543,189.205,0.0,0.0,0.0,0.0
4,53,8.169,58.745,509.249,2239.126,5.426,46.055,0.016,3949.77,12.674000000000001,67.991,621.982,3660.893,0.0,0.0,0.0,0.0,0.0
4,54,98.704,977.3580000000001,12.28,68.953,1.8330000000000002,13.157,0.015,0.0,71.83,498.281,173.229,1228.406,0.188,0.0,0.048,0.0,0.0
4,55,11.671,92.984,7.5360000000000005,24.394000000000002,184.791,2549.885,0.062,0.0,3368.0840000000003,24706.525,425.796,2477.895,0.0,0.0,0.0,0.0,0.0
4,56,9.116,59.566,7.808,40.812,60.799,841.404,0.032,0.8440000000000001,21.041999999999998,209.084,283.49,3466.5640000000003,0.045,0.0,0.0,0.0,0.0
4,57,288.276,1015.669,0.0,0.0,0.08900000000000001,0.20199999999999999,0.0,0.0,34.085,257.556,439.76199999999994,2584.035,33.323,0.0,0.0,0.0,0.0
4,58,17.338,48.78,0.0,0.0,0.8340000000000001,2.242,0.0,0.0,251.396,1548.8929999999998,454.39,2244.765,1.03,0.0,0.0,0.0,0.0
4,59,45.85,385.26599999999996,115.24700000000001,826.8969999999999,22.831,310.795,0.0,1.03,19.283,65.875,1427.372,9694.225,935.832,0.0,0.0,0.0,0.0
4,60,6.053999999999999,38.738,13.865,36.396,0.083,0.251,0.0,0.016,11.027000000000001,62.216,641.371,4134.322,0.109,0.0,0.0,0.0,0.0
4,61,18.886,144.369,54.27,347.905,8.533999999999999,100.546,0.0,125.774,5.7170000000000005,37.118,41.43,264.835,0.0,0.0,0.078,0.0,0.0
4,62,3.852,13.95,0.619,2.733,5.403,41.275,0.188,311.399,27.538,193.55200000000002,489.61,1736.2820000000002,0.032,0.0,0.0,0.0,0.0
4,63,77.783,502.75,12.696,97.14200000000001,7.331,79.69800000000001,0.015,0.0,7.474,47.601000000000006,650.979,5577.664000000001,16.458,0.0,0.0,0.0,0.0
4,64,23.311999999999998,78.141,74.22800000000001,194.665,1.056,4.757,0.0,0.0,28.445,103.36399999999999,55.248999999999995,216.84900000000002,0.251,0.0,0.0,0.0,0.0
4,65,147.224,680.283,0.408,1.14,5.318,29.375,0.03,49.125,9.174,67.374,96.726,695.045,0.951,0.0,0.0,0.0,0.0
4,66,227.99099999999999,2619.053,3.79,19.739,14.522,126.17299999999999,0.0,0.0,1.368,4.556,242.97400000000002,1918.832,66.767,0.0,0.0,0.0,0.0
4,67,259.03700000000003,1966.75,92.845,822.195,26.883000000000003,217.981,0.0,0.0,5.113,41.31100000000001,865.265,4056.027,0.0,0.0,0.046,0.0,0.0
4,68,30.833000000000002,156.155,20.61,106.38,0.478,2.43,0.0,0.156,11.085,50.465,558.194,4411.996,319.816,0.0,0.0,0.0,0.0
4,69,82.656,331.07300000000004,36.556,91.053,1122.236,6722.186,0.03,1.64,75.452,404.64599999999996,3693.292,29024.01,168.048,0.0,0.0,0.0,0.0
4,70,7.999,65.843,2.272,7.242999999999999,3.373,23.767,0.0,0.03,18.928,123.26100000000001,713.678,5522.516,0.0,0.0,0.0,0.0,0.0
4,71,88.709,1015.819,5.4639999999999995,29.05,2.23,16.451,0.015,0.0,0.38,1.005,62.427,222.753,0.815,0.0,0.0,0.0,0.0
4,72,12.558,91.708,2.1109999999999998,10.048,12.929,111.195,0.11,0.015,3.888,15.89,243.078,964.5169999999999,0.032,0.0,0.0,0.0,0.0
4,73,6.815,26.131999999999998,0.0,0.0,575.9019999999999,3353.158,0.031,0.0,20.101,129.266,351.37800000000004,1258.864,0.0,0.0,0.0,0.0,0.0
4,74,38.264,499.615,5.6370000000000005,30.055,18.895,276.534,0.0,0.0,9.567,68.543,178.359,1639.862,0.0,0.0,0.0,0.0,0.0
4,75,6.596,21.283,7.497000000000001,39.914,0.10800000000000001,0.349,0.0,0.063,10.084,37.162,144.59,722.987,0.0,0.0,0.0,0.0,0.0
4,76,17.095,93.79299999999999,52.626000000000005,434.49800000000005,0.23,1.167,0.0,0.096,1.4069999999999998,6.915,156.588,877.311,0.0,0.0,0.0,0.0,0.0
4,77,491.36300000000006,2130.564,0.0,0.0,11.728,38.868,0.0,0.0,20.444000000000003,69.398,526.2769999999999,2738.0640000000003,63.062,0.0,0.0,0.0,0.0
4,78,28.683000000000003,339.577,0.7659999999999999,3.46,0.4,2.074,0.0,0.0,44.091,386.276,382.08099999999996,2459.056,0.8740000000000001,0.0,0.0,0.0,0.0
4,79,15.22,76.578,3.7060000000000004,15.658,0.516,3.2439999999999998,0.0,0.016,7.461,30.438000000000002,972.41,4107.786,5.906000000000001,0.0,0.0,0.0,0.0
4,80,18738.874,296786.229,488.972,2724.0370000000003,0.43,3.0010000000000003,0.0,0.0,2.68,10.612,310.469,1143.653,0.062,0.0,0.0,0.0,0.0
4,81,70.847,609.895,30.833000000000002,172.562,38.611999999999995,404.32099999999997,346.168,0.0,6.097,39.683,332.815,1618.408,1.994,0.0,0.0,0.0,0.0
4,82,360.684,5965.984,13.459000000000001,102.23,4.26,46.363,15.404000000000002,0.0,1.7280000000000002,8.316,144.845,1131.116,0.015,0.0,0.0,0.0,0.0
4,83,11.264000000000001,142.007,0.701,2.11,0.75,6.117999999999999,0.0,0.015,3.3080000000000003,7.8839999999999995,618.304,4673.7390000000005,319.939,0.0,0.0,0.0,0.0
4,84,19.493,155.1,0.71,1.0390000000000001,0.205,0.573,0.0,1446.977,17.49,73.857,472.837,2672.1009999999997,25.19,0.0,0.0,0.0,0.0
4,85,74.85,1173.765,349.897,2577.0389999999998,11.667,101.935,20.105,0.016,3.3710000000000004,20.252,650.736,3687.5809999999997,0.0,0.0,0.0,0.0,0.0
4,86,10.593,78.563,3.582,17.256,1.442,17.97,0.0,0.094,15.564,109.536,821.789,4197.712,4772.133,0.0,0.0,0.0,0.0
4,87,20.776,160.585,3.185,13.886,5.6129999999999995,36.079,0.03,648.388,20.13,161.156,236.52900000000002,969.632,0.016,0.0,0.0,0.0,0.0
4,88,7.37,25.307,3.4360000000000004,14.078,9.762,60.083999999999996,0.062,7.329,13.758,81.98100000000001,102.97,367.94,17348.935,0.0,0.0,0.0,0.0
4,89,5241.582,48977.382000000005,0.14400000000000002,0.305,3.341,11.783,0.094,0.0,74.013,495.925,12272.521,78622.854,1712.0,0.0,0.0,0.0,0.0
4,90,4.753,32.174,0.449,2.004,43.666000000000004,306.264,0.0,0.0,0.147,0.39799999999999996,190.64700000000002,829.291,0.046,0.0,0.0,0.0,0.0
4,91,283.27,4425.242,41.586999999999996,234.93,16.245,154.045,0.03,427.793,3.2110000000000003,17.999000000000002,407.754,2023.033,0.0,0.0,0.0,0.0,0.0
4,92,34.066,183.50900000000001,64.789,421.019,1.02,5.6979999999999995,4.898,0.0,26.096,127.3,3237.757,26192.183999999997,0.109,0.0,0.0,0.0,0.0
4,93,14.76,73.35,2414.6679999999997,15957.957,7.501,48.571000000000005,0.015,0.0,6.278,29.697,225.928,960.221,174.30900000000003,0.0,0.0,0.0,0.0
4,94,73.078,864.5980000000001,2.182,9.966000000000001,4.508,28.34,0.0,4755.975,7.042000000000001,28.714000000000002,414.916,1836.808,49.757,0.0,0.0,0.0,0.0
4,95,5.769,37.501999999999995,0.377,1.6909999999999998,4.669,40.423,0.0,0.077,5.987,40.596,117.315,690.94,0.062,0.0,0.0,0.0,0.0
4,96,3.889,22.011,2.867,9.082,0.812,3.4010000000000002,0.015,0.0,11.593,86.666,275.29,860.2919999999999,0.0,0.0,0.0,0.0,0.0
4,97,67.093,748.087,17.463,166.825,1.6880000000000002,16.062,0.0,0.047,44.778,331.667,1053.626,10579.645,0.094,0.0,0.0,0.0,0.0
4,98,226.041,2362.863,657.4910000000001,3199.8259999999996,1.214,3.7260000000000004,0.0,269.553,12.845,73.047,683.934,2815.111,0.0,0.0,0.47,0.0,0.0
4,99,18.125,170.799,1.841,8.345,0.069,0.278,0.28,0.0,9.105,72.081,391.587,1869.9360000000001,0.045,0.0,0.0,0.0,0.0
5,1,5.266,39.493,58.417,428.11699999999996,0.953,9.538,0.23399999999999999,2.064,2.947,13.272,448.97900000000004,2668.9990000000003,202.832,0.0,0.0,0.0,0.0
5,2,15.378,95.46700000000001,4.285,17.692999999999998,0.423,1.595,0.0,0.0,16.657,61.022,334.246,1596.5339999999999,3498.555,0.0,0.0,0.0,0.0
5,3,34.329,312.937,0.35700000000000004,0.9840000000000001,8.96,118.695,0.016,0.0,1.202,4.96,136.645,1252.557,2793.486,0.0,0.0,0.0,0.0
5,4,11.623,96.82,8.706,39.163000000000004,5.756,38.314,1704.474,0.0,103.447,830.691,281.353,1488.192,4703.22,0.0,0.016,0.0,0.0
5,5,9.138,74.055,17.500999999999998,79.759,20.848000000000003,322.137,0.0,0.016,1.359,8.441,115.704,693.324,553.6,0.0,0.0,0.0,0.0
5,6,20.636,324.595,212.197,1912.576,40.949,609.448,0.046,0.0,4.024,15.694,72.788,418.48,0.24600000000000002,0.0,0.0,0.0,0.0
5,7,86.492,1094.055,18538.375,178592.806,0.3,2.2680000000000002,0.138,0.0,6.819,27.238000000000003,600.646,3205.7690000000002,2045.271,0.0,0.0,0.0,0.0
5,8,116.571,1134.057,3.4739999999999998,22.004,1.577,13.722999999999999,0.0,0.0,157.808,1291.734,117.553,872.2339999999999,0.032,0.0,0.0,0.0,0.0
5,9,16.577,93.898,124.794,635.724,123.505,1344.918,0.0,0.0,22.534000000000002,130.755,235.62,1020.49,6052.941,0.0,0.0,0.0,0.0
5,10,24.95,201.3,5.23,35.547,10.18,123.249,309.365,0.032,1.93,11.185,167.761,929.698,4.501,0.0,0.0,0.0,0.0
5,11,60.153999999999996,676.444,111.16799999999999,596.654,17.387,228.535,0.0,0.0,1.061,3.283,132.779,946.796,0.281,0.0,0.0,0.0,0.0
5,12,23.713,145.434,161.914,964.263,145.959,2179.919,0.0,0.095,41.376999999999995,324.74,412.444,2409.471,1844.1960000000001,0.0,0.0,0.0,0.0
5,13,0.47,2.458,3.824,17.764,54.997,485.42400000000004,0.0,1127.822,28.388,222.988,540.919,2544.4829999999997,538.591,0.0,0.0,0.0,0.0
5,14,177.239,2046.346,20.334,86.355,1.9080000000000001,11.782,0.0,0.0,120.61399999999999,562.308,296.585,1789.1770000000001,0.0,0.0,0.0,0.0,0.0
5,15,240.42700000000002,2790.301,171.065,1435.286,5.542999999999999,30.974,0.016,0.0,3.1689999999999996,17.207,313.613,2374.279,6.947,0.0,0.0,0.0,0.0
5,16,81.434,860.1510000000001,1.185,2.241,2.9360000000000004,17.499000000000002,0.078,435.49199999999996,10.832,97.96700000000001,92.027,479.31800000000004,0.002,0.0,0.0,0.0,0.0
5,17,31.46,203.592,88.686,731.283,41.394,486.711,0.0,1481.9720000000002,169.043,750.895,1073.575,5840.007,1276.639,0.0,0.0,0.0,0.0
5,18,2.616,15.98,0.162,0.435,29.090999999999998,351.37199999999996,0.077,0.0,4403.423,27026.022,34.383,142.078,0.048,0.0,0.0,0.0,0.0
5,19,26.503,146.657,169.56599999999997,160.653,0.853,4.538,0.047,0.0,1.402,7.905,139.711,389.24199999999996,289.682,0.0,0.0,0.0,0.0
5,20,9.148,93.184,3.571,12.806,18.641,275.325,0.0,0.0,3.1860000000000004,17.312,224.665,1445.5539999999999,0.0,0.0,0.0,0.0,0.0
5,22,11.054,60.924,10.450999999999999,40.811,3.908,42.273,1325.1229999999998,0.0,0.885,3.574,448.084,1777.4579999999999,0.0,0.0,0.0,0.0,0.0
5,23,49.525,389.745,1876.6229999999998,15700.071000000002,2.128,11.854000000000001,8.596,0.0,4.29,10.94,373.848,1747.2979999999998,2.031,0.0,0.0,0.0,0.0
5,24,148.988,1023.452,79.62899999999999,353.462,3.6289999999999996,28.555999999999997,0.0,0.016,23.614,144.328,83.794,364.211,0.36,0.0,0.0,0.0,0.0
5,27,5.8839999999999995,42.403,157.293,708.665,2.134,19.847,0.016,25.3,17.784000000000002,131.687,276.64099999999996,1176.0810000000001,1391.3129999999999,0.0,0.0,0.0,0.0
5,28,-1031399.1440000001,10026066.421,-590488.175,2533475.852,-260298.38,2455075.0130000003,0.062,0.0,-76676.229,573941.815,-18362885.142,173653285.54400003,-2310692134.875,4002236178.3609996,0.0,0.0,0.0
5,29,5.9670000000000005,73.069,0.165,0.654,0.19699999999999998,0.609,0.0,0.0,3.679,34.228,74.77,410.98400000000004,65.506,0.0,0.0,0.0,0.0
5,30,20.776,136.606,1095.0839999999998,6494.044,18.688,198.356,0.0,0.0,128.144,816.488,517.189,3136.886,13414.122,0.0,0.0,0.0,0.0
5,31,21.576,107.50200000000001,2.727,11.105,2.661,23.264,0.0,0.156,2.0,8.141,261.1,1142.121,0.0,0.0,0.0,0.0,0.0
5,32,8.394,54.827,3.844,23.363000000000003,0.532,6.16,0.0,0.047,5.325,38.510999999999996,808.477,6556.308000000001,9.657,0.0,0.0,0.0,0.0
5,34,19.46,85.802,152.409,863.5939999999999,151.516,1258.675,0.0,0.0,19.445999999999998,138.441,405.918,4562.661,161323.682,0.0,0.0,0.0,0.0
5,35,9.262,46.253,6.749,35.593,9.394,69.464,0.0,22.805999999999997,18.287,87.522,313.671,3351.659,6622.559,0.0,0.0,0.0,0.0
5,36,51.70399999999999,405.941,120.993,506.163,0.247,1.517,0.0,9.283,35.061,185.601,269.748,1010.6439999999999,0.0,0.0,0.0,0.0,0.0
5,37,21.829,126.794,0.225,0.563,247.58599999999998,3023.7659999999996,1.44,0.032,174.925,847.215,288.444,1375.507,4051.3379999999997,0.0,0.0,0.0,0.0
5,38,49.31100000000001,419.464,43.202,275.193,20.546,157.406,1.324,9.253,0.223,0.636,117.345,400.31800000000004,1.9809999999999999,0.0,0.0,0.0,0.0
5,39,100.993,923.946,3.735,23.034000000000002,2.572,33.162,0.0,0.0,33.687,283.39799999999997,619.126,3421.821,22120.732999999997,0.0,0.047,0.0,0.0
5,40,5.7620000000000005,17.682000000000002,20.155,101.382,0.057,0.212,0.015,276.599,11.681,24.368000000000002,298.755,1918.162,0.22,0.0,0.0,0.0,0.0
5,41,56.928000000000004,397.30300000000005,3.062,10.799000000000001,13.911,167.283,0.0,1040.377,6.382000000000001,44.141999999999996,193.72299999999998,694.316,0.0,0.0,0.0,0.0,0.0
5,42,32.458,343.153,6.155,38.719,2.815,19.097,0.0,0.015,12.95,79.902,625.273,3646.998,0.064,0.0,0.0,0.0,0.0
5,44,0.821,5.945,14.155,116.751,0.951,7.635,0.0,0.0,0.878,5.247000000000001,223.925,1127.0410000000002,1128.11,0.0,0.0,0.0,0.0
5,45,30.791,84.906,36.464,82.054,7.6770000000000005,29.255,0.5920000000000001,0.03,5.975,25.328000000000003,434.715,2455.604,0.0,0.0,0.0,0.0,0.0
5,47,13722.292,314987.37899999996,28.214000000000002,134.031,0.95,10.264000000000001,0.0,9585.539,5.2170000000000005,19.232,331.574,2446.742,0.0,0.0,2.325,0.0,0.0
5,48,130.759,1123.1,19.628,63.402,26.458000000000002,232.81400000000002,0.0,0.0,3.574,18.008,355.42400000000004,2398.367,5149.492,0.0,0.0,0.0,0.0
5,49,17.041,132.981,18.339000000000002,148.361,2.52,23.351,0.0,0.016,1.567,8.183,330.51199999999994,1690.4379999999999,2560.5820000000003,0.0,0.0,0.0,0.0
5,50,40.25,167.229,120.479,414.79400000000004,3.801,17.160999999999998,0.6559999999999999,0.0,5.815,27.878,2868.927,26402.063,1672.0639999999999,0.0,0.0,0.0,0.0
5,51,5.136,32.898,2.272,16.477999999999998,0.268,1.676,0.0,0.0,68.834,272.829,311.639,1469.1029999999998,7380.429,0.0,0.0,0.0,0.0
5,52,11.705,69.847,82.815,361.13199999999995,1.236,7.2139999999999995,0.0,0.0,23.392,108.194,282.566,1555.725,6.959,0.0,0.0,0.0,0.0
5,53,6.944,53.915,339.772,1828.731,4.62,41.269,0.0,360.51800000000003,11.665,65.274,509.825,3284.058,0.0,0.0,0.0,0.0,0.0
5,54,83.41,897.5939999999999,11.957,64.942,1.5619999999999998,11.818,0.031,0.0,64.528,472.31199999999995,185.31799999999998,1158.92,0.563,0.0,0.048,0.0,0.0
5,55,10.940999999999999,90.02799999999999,6.702000000000001,23.046,150.634,2284.9320000000002,0.015,74.527,3031.276,23438.746,384.73199999999997,2287.599,0.0,0.0,0.0,0.0,0.0
5,56,7.6739999999999995,54.385,5.398,33.969,46.076,722.235,0.0,1446.89,18.669,196.93900000000002,489.851,3999.597,0.322,0.0,0.0,0.0,0.0
5,59,40.434,361.06199999999995,85.28299999999999,711.273,19.269000000000002,284.405,0.0,0.0,17.051,62.123000000000005,2370.409,19617.008,0.157,0.0,0.0,0.0,0.0
5,60,16.484,149.11,9.635,30.494,0.242,1.443,0.0,0.0,9.732999999999999,58.486999999999995,654.479,3932.511,0.0,0.0,0.0,0.0,0.0
5,61,16.987000000000002,136.236,49.532,332.316,8.212,92.50299999999999,0.11,496.55800000000005,4.383,32.365,93.934,619.955,2484.685,0.0,0.078,0.0,0.0
5,63,72.98100000000001,478.05,11.42,92.132,6.022,72.236,0.002,0.016,7.152,46.57899999999999,604.5,5173.501,2971.6,0.0,0.0,0.0,0.0
5,64,20.715,67.175,42.949,148.33700000000002,6.426,54.832,0.0,7.875,27.25,100.758,204.946,858.2360000000001,0.016,0.0,0.0,0.0,0.0
5,65,80.467,500.782,0.408,1.14,23.151,190.75599999999997,0.0,0.14,8.972000000000001,66.488,380.68,4527.204000000001,1639.362,0.0,0.0,0.0,0.0
5,66,187.86900000000003,2350.7529999999997,3.032,17.278,12.22,115.257,0.5,0.0,1.2570000000000001,4.374,209.99400000000003,1701.869,1.56,0.0,0.0,0.0,0.0
5,67,229.827,1752.3629999999998,65.308,686.688,17.373,174.671,0.0,0.0,4.447,38.332,750.378,3594.784,45.872,0.0,0.0,0.0,0.0
5,68,23.279,131.327,17.121,94.869,0.449,2.242,0.0,0.016,10.47,49.09,610.249,4225.2429999999995,927.602,0.0,0.0,0.0,0.0
5,69,87.92200000000001,351.325,30.22,83.17200000000001,792.243,5647.834,0.0,0.0,60.118,361.51199999999994,2747.5820000000003,23068.807,828.89,0.0,0.0,0.0,0.0
5,70,10.173,80.689,2.2319999999999998,7.184,2.948,22.139,0.0,0.0,17.759,119.21700000000001,625.1669999999999,5133.981,62070.933,0.0,0.0,0.0,0.0
5,71,198.253,2100.564,5.29,26.881999999999998,1.8130000000000002,13.443,0.485,0.0,0.39899999999999997,1.0070000000000001,56.523999999999994,200.72400000000002,1.3319999999999999,0.0,0.0,0.0,0.0
5,72,11.505,85.839,1.722,9.022,10.146,98.523,0.0,0.062,3.576,15.261,426.48900000000003,2717.7740000000003,0.111,0.0,0.0,0.0,0.0
5,74,35.041,474.45599999999996,5.218999999999999,28.199,16.045,248.864,0.188,6.015,9.339,67.722,163.015,1517.513,5613.118,0.0,0.0,0.0,0.0
5,75,19.649,139.441,5.297000000000001,30.233,0.138,0.55,0.233,0.031,9.142000000000001,35.102,132.986,660.831,0.0,0.0,0.0,0.0,0.0
5,76,15.49,83.1,43.593,395.52099999999996,0.187,1.051,0.0,0.03,1.34,6.752000000000001,210.673,1379.506,0.0,0.0,0.0,0.0,0.0
5,78,23.41,301.711,0.627,3.073,0.785,4.552,0.062,0.0,43.236999999999995,382.519,317.655,2189.956,175131.608,0.0,0.0,0.0,0.0
5,79,13.97,72.684,3.695,15.112,1033.647,10834.65,0.8740000000000001,0.062,6.729,28.941,987.867,4360.468,18.232,0.0,0.0,0.0,0.0
5,80,13925.098999999998,255770.00100000002,374.592,2386.846,4.295,48.778999999999996,0.0,0.016,2.596,10.372,326.027,1293.606,2212.715,0.0,0.0,0.0,0.0
5,81,51.821999999999996,518.844,25.874000000000002,153.509,30.388,354.405,0.0,82.221,5.462999999999999,37.571999999999996,284.51099999999997,1428.384,3703.157,0.0,0.0,0.0,0.0
5,82,303.73400000000004,5465.281999999999,10.562999999999999,88.587,3.346,40.43,0.03,0.0,1.713,8.27,186.53900000000002,1286.0910000000001,1.284,0.0,0.0,0.0,0.0
5,83,9.66,129.465,0.5720000000000001,1.899,0.937,7.056,0.0,0.016,2.55,6.928999999999999,475.535,3993.902,0.26899999999999996,0.0,0.0,0.0,0.0
5,85,60.156000000000006,1050.587,274.85,2283.53,8.676,87.91799999999999,0.0,0.03,2.495,17.364,533.884,3199.909,0.015,0.0,0.0,0.0,0.0
5,86,7.854,67.447,2.947,15.38,1.193,15.804,0.0,0.0,15.079,107.346,768.1439999999999,3778.7909999999997,1568.753,0.0,0.0,0.0,0.0
5,87,17.545,147.667,2.779,12.988,5.861000000000001,37.96,0.0,76.495,19.180999999999997,157.33,206.644,869.817,956.138,0.0,0.0,0.0,0.0
5,88,7.412999999999999,24.748,3.389,13.985,7.2829999999999995,51.143,1.062,0.0,12.140999999999998,76.811,384.24800000000005,2065.401,0.514,0.0,0.0,0.0,0.0
5,89,4095.627,41936.827000000005,0.14400000000000002,0.305,3.341,11.783,0.0,0.0,70.544,484.35400000000004,10214.692,70745.915,2629.0,0.0,0.0,0.0,0.0
5,90,28.629,468.905,0.449,2.004,35.626,276.999,0.0,0.0,0.129,0.376,149.054,727.2339999999999,29.695,0.0,0.0,0.0,0.0
5,91,271.694,4258.102,39.509,229.011,14.17,141.845,0.064,0.0,3.0810000000000004,17.64,413.089,1935.995,0.032,0.0,0.0,0.0,0.0
5,92,33.133,176.795,57.29600000000001,396.027,0.884,5.296,0.0,0.047,31.115,138.724,2833.5029999999997,24186.835,0.0,0.0,0.0,0.0,0.0
5,93,13.140999999999998,69.179,2050.228,14705.098999999998,6.483,45.196999999999996,0.0,0.046,4.947,25.985,189.283,844.207,31286.165,0.0,0.0,0.0,0.0
5,94,70.432,848.716,2.0469999999999997,9.588,4.0889999999999995,26.706,0.0,0.0,6.617000000000001,27.862,445.18,1958.065,879.8530000000001,0.0,0.0,0.0,0.0
5,95,4.962,34.711,0.306,1.411,3.725,36.015,4.056,0.045,5.013999999999999,36.95,172.013,1226.351,0.016,0.0,0.016,0.0,0.0
5,96,3.49,20.805999999999997,2.648,8.454,0.693,3.089,0.0,0.0,10.692,83.221,400.691,2110.344,0.0,0.0,0.0,0.0,0.0
5,98,185.313,2095.326,657.4910000000001,3199.8259999999996,0.945,3.258,0.0,0.547,11.42,68.95100000000001,660.279,2749.4,28.293000000000003,0.0,0.47,0.0,0.0
5,99,17.916,164.364,2.176,8.498,9.502,59.82899999999999,0.0,0.0,8.365,69.057,366.046,1737.4229999999998,15778.122,0.0,0.0,0.0,0.0
5,100,54.62,302.315,24.544,94.02600000000001,17.605999999999998,171.324,0.0,0.0,1.5290000000000001,8.321,184.829,747.443,79.546,0.0,0.0,0.0,0.0
5,101,16.469,118.76799999999999,24.354,92.537,0.353,2.0709999999999997,0.0,0.016,0.016,0.059000000000000004,371.351,2060.783,0.0,0.0,0.0,0.0,0.0
5,102,16.194000000000003,96.51700000000001,5.071000000000001,13.921,3.0439999999999996,35.441,0.0,0.0,6.7170000000000005,46.16,150.588,1063.943,17277.949,0.0,0.0,0.0,0.0
5,103,55.293,295.314,2.15,5.704,36.791,312.122,0.0,1.329,0.865,2.923,187.94400000000002,1182.249,23.958000000000002,0.0,0.0,0.0,0.0
5,104,80.778,758.7860000000001,50.74,232.61,2.906,16.789,0.09300000000000001,0.25,2.0669999999999997,9.424,226.511,887.0889999999999,0.9390000000000001,0.0,0.0,0.0,0.0
6,1,4.168,34.303000000000004,50.151,395.06199999999995,2.439,26.525,0.016,0.0,24.424,324.177,442.545,2639.7059999999997,0.03,0.0,0.0,0.0,0.0
6,2,16.597,89.309,113.311,638.177,0.466,1.886,0.172,1.996,16.12,57.001999999999995,319.053,1560.954,15.583,0.0,0.0,0.0,0.0
6,4,10.62,92.337,8.014,37.459,17.884,210.632,0.03,0.0,39.260999999999996,458.19,276.053,1467.864,2221.911,0.0,0.016,0.0,0.0
6,5,7.337000000000001,64.19800000000001,17.500999999999998,79.759,16.874000000000002,289.349,0.0,0.015,4.362,31.741999999999997,132.872,757.2669999999999,0.14,0.0,0.0,0.0,0.0
6,6,76.405,946.073,177.32299999999998,1747.7079999999999,36.465,553.8290000000001,0.0,0.047,27.104,168.74200000000002,70.679,412.286,0.09300000000000001,0.0,0.0,0.0,0.0
6,7,72.277,978.813,15411.059,162739.505,1.054,9.424,0.0,0.218,25.923000000000002,225.644,565.203,3096.6490000000003,0.062,0.0,0.0,0.0,4738.19
6,9,19.221,111.285,104.72200000000001,583.506,107.324,1186.627,0.062,0.0,78.002,644.5219999999999,225.053,988.66,12.444,0.0,0.0,0.0,0.031
6,10,137.359,1659.125,6.109,36.606,63.382,1007.3480000000001,0.0,8843.439,14.786,188.16,164.31900000000002,917.704,0.0,0.0,0.0,0.0,20.983
6,11,48.339,599.74,108.49,589.582,12.630999999999998,193.72299999999998,0.0,0.0,35.518,305.244,128.945,932.6619999999999,0.0,0.0,0.0,0.0,0.0
6,12,35.29,279.106,154.833,928.997,179.317,2183.846,0.0,0.0,60.714,382.285,402.129,2371.609,37.137,0.0,0.0,0.0,1.591
6,13,1816.604,16373.992,2.576,14.415,36.03,391.069,0.0,5424.565,14.610999999999999,140.635,532.285,2484.654,496.064,0.0,0.0,0.0,0.016
6,14,132.72,1746.48,18.28,81.822,2.089,11.720999999999998,0.0,0.0,126.96700000000001,695.7389999999999,286.718,1753.855,0.0,0.0,0.0,0.0,0.0
6,15,204.7,2572.181,160.375,1389.7479999999998,7.124,52.883,0.28,0.0,7.731,35.842,303.995,2331.75,0.124,0.0,0.0,0.0,314.81
6,16,66.227,771.482,1.09,2.144,2.229,15.248,0.0,1.923,7.57,70.589,97.163,477.221,0.0,0.0,0.0,0.0,11204.278
6,17,24.138,177.033,73.753,666.882,74.929,796.2719999999999,0.094,1411.879,153.934,779.753,1026.4660000000001,5699.38,45.422,0.0,0.0,0.0,0.0
6,18,5.468999999999999,53.791000000000004,1.396,9.204,22.912,306.757,0.0,0.08,1100.96,13339.008999999998,36.535,146.53,0.609,0.0,0.0,0.0,0.0
6,19,21.246,129.444,169.56599999999997,160.653,1.091,5.142,0.0,0.0,1.7009999999999998,8.832,133.735,381.57099999999997,1.17,0.0,0.0,0.0,159.658
6,20,8.565,85.914,3.43,12.485,15.561,250.90599999999998,278.508,0.016,2.955,15.487,227.02200000000002,1427.816,0.094,0.0,0.0,0.0,11.043
6,24,117.306,909.049,77.28,327.58,5.917999999999999,45.478,0.0,81.01,30.502,187.52,80.187,356.565,3.1719999999999997,0.0,0.0,0.0,0.0
6,25,10.083,56.553000000000004,126.071,698.7669999999999,2.673,23.643,0.0,0.015,35.41,267.966,5219.505,46635.629,6453.213000000001,0.0,0.0,0.0,31.519000000000002
6,27,13.184000000000001,107.10700000000001,197.4,714.4119999999999,2.6189999999999998,19.139,0.0,4147.015,115.105,885.461,268.095,1149.415,0.22,0.0,0.0,0.0,125.257
6,28,-858985.954,9155138.593,-513464.24700000003,2368985.05,-193964.23899999997,2121159.44,1.591,0.0,-20808.526,299247.503,-16977006.093,167010278.0,0.077,0.0,0.0,0.0,0.0
6,29,4.806,65.221,0.15,0.606,0.16699999999999998,0.5529999999999999,0.0,5.968999999999999,19.236,181.69799999999998,73.509,404.15,5.747999999999999,0.0,0.0,0.0,0.154
6,30,18.351,126.61200000000001,992.18,6186.55,16.407,185.476,0.063,0.016,108.52600000000001,664.205,503.03,3093.947,8.39,0.0,0.0,0.0,2.695
6,32,6.862,48.756,3.068,20.901999999999997,0.485,5.405,0.109,0.0,3.923,34.513000000000005,780.3,6425.588000000001,1.912,0.0,0.0,0.0,0.0
6,34,32.979,218.24900000000002,143.942,839.7189999999999,137.19899999999998,1198.065,0.0,0.0,15.043,117.649,396.629,4510.321,0.0,0.0,0.0,0.0,170214.236
6,35,30.581,349.642,1688.9360000000001,16221.184,6.957999999999999,59.793,0.0,0.0,14.359000000000002,73.309,297.005,3260.3379999999997,15.247,0.0,0.0,0.0,0.0
6,36,55.013999999999996,396.57800000000003,120.993,506.163,1.3430000000000002,6.66,0.001,154.07299999999998,115.664,1190.255,263.995,1000.35,0.0,0.0,0.0,0.0,13722.821000000002
6,37,13.025,92.353,0.655,2.468,202.00799999999998,2708.772,0.0,2076.481,50.542,436.06300000000005,272.182,1336.0620000000001,82.831,0.0,0.0,0.0,0.0
6,38,41.956,376.334,122.55799999999999,731.2080000000001,18.662,149.839,0.0,0.047,117.12700000000001,1286.624,110.305,388.945,6.162999999999999,0.0,0.0,0.0,0.0
6,39,82.899,825.6439999999999,3.073,20.649,2.211,29.904,0.0,0.0,23.734,214.733,600.275,3368.7009999999996,3.333,0.0,0.047,0.0,0.0
6,41,45.475,353.81699999999995,6.632999999999999,28.726,24.014,300.39099999999996,0.0,530.259,6.667000000000001,36.025,155.249,618.019,3.617,0.0,0.0,0.0,0.0
6,42,25.599,302.597,67.766,477.13800000000003,2.447,17.703,0.0,0.14300000000000002,8.995,63.158,608.442,3597.9240000000004,0.0,0.0,0.0,0.0,0.094
6,44,0.706,5.322,12.149000000000001,102.12200000000001,0.82,7.066,0.0,0.0,29.654,439.505,222.99,1118.569,0.031,0.0,0.0,0.0,10.751
6,46,22.476999999999997,220.36900000000003,75.702,541.563,0.166,1.1159999999999999,0.015,0.079,8.574,65.122,389.05199999999996,2166.854,0.0,0.0,0.0,0.0,0.0
6,47,12345.788,298766.89,25.943,128.649,0.7959999999999999,8.959,0.0,0.032,5.018,30.555,315.694,2377.779,83.04,0.0,2.325,0.0,51169.475999999995
6,48,169.958,1460.134,19.628,63.402,22.346,212.486,0.0,0.0,5.629,32.052,342.588,2354.456,5049.798,0.0,0.0,0.0,0.0
6,49,12.905,115.182,20.925,140.88,9.57,106.969,0.0,0.0,5.468,46.559,325.161,1675.8329999999999,0.375,0.0,0.0,0.0,0.0
6,50,89.853,745.095,230.429,1050.542,60.471000000000004,591.379,0.031,0.046,9.804,45.193999999999996,2776.013,25973.013,139.037,0.0,0.0,0.0,137.495
6,51,4.648,31.168000000000003,28.351999999999997,283.09,0.51,3.2239999999999998,0.0,0.0,41.738,204.62599999999998,300.443,1443.306,0.008,0.0,0.0,0.0,0.0
6,52,12.970999999999998,69.515,82.815,361.13199999999995,1.0490000000000002,6.577000000000001,0.594,0.39,159.262,2026.619,265.639,1509.431,30.557,0.0,0.0,0.0,0.0
6,53,6.182,50.571999999999996,339.772,1828.731,4.8839999999999995,39.946,0.0,0.0,12.774000000000001,77.824,480.026,3179.1209999999996,0.0,0.0,0.0,0.0,0.0
6,54,80.048,807.0139999999999,49.758,260.717,1.368,10.993,0.0,393.79,53.729,364.70099999999996,176.445,1131.1680000000001,5.766,0.0,0.048,0.0,0.0
6,56,8.845,54.062,6.51,32.08,39.285,666.426,0.0,0.0,14.607999999999999,141.654,474.936,3938.724,0.0,0.0,0.0,0.0,13.323
6,57,122.321,663.047,1593.72,6363.849,56.858999999999995,392.02,0.0,0.0,41.955,317.38,419.92,2494.075,733.305,0.0,0.0,0.0,10.265999999999998
6,59,52.371,482.18,95.08200000000001,677.416,16.538,263.318,0.0,0.23399999999999999,12.581,49.861000000000004,2293.804,19296.491,0.40700000000000003,0.0,0.0,0.0,0.047
6,60,27.258000000000003,216.532,8.677999999999999,28.458000000000002,0.213,1.2819999999999998,0.0,0.47,6.204,46.5,626.962,3850.632,0.0,0.0,0.0,0.0,0.0
6,61,14.669,119.98,55.998999999999995,320.474,8.543,87.661,0.0,0.0,29.447,312.346,93.596,611.255,2.209,0.0,0.078,0.0,0.0
6,63,60.051,419.61800000000005,20.05,128.52700000000002,5.744,66.954,0.008,2594.0,8.367,60.1,593.866,5111.108,0.075,0.0,0.0,0.0,0.0
6,64,22.673000000000002,73.317,6553.0,36284.632000000005,41.465,321.143,0.0,196.38299999999998,30.848000000000003,136.757,204.946,858.2360000000001,6.22,0.0,0.0,0.0,18022.339
6,65,54.457,390.73,27.01,100.884,193.516,2200.255,0.125,0.0,6.977,53.751999999999995,362.468,4410.071,121.521,0.0,0.0,0.0,605.481
6,66,145.999,2073.208,2.861,16.73,10.338,105.891,0.0,0.0,8.907,91.00399999999999,200.255,1661.434,0.0,0.0,0.0,0.0,0.0
6,67,190.092,1594.79,52.666000000000004,613.683,13.93,155.73,0.126,0.0,14.925,86.87100000000001,729.294,3526.218,0.022000000000000002,0.0,0.0,0.0,51.551
6,68,20.012,117.815,35.501,155.378,0.415,2.133,0.6729999999999999,0.0,41.078,358.559,597.298,4143.585999999999,0.0,0.0,0.0,0.0,5531.345
6,69,59.6,283.057,93.992,706.4730000000001,495.00800000000004,4307.483,3375.4040000000005,5954.443,33.066,259.779,2649.639,22655.859,16.805999999999997,0.0,0.0,0.0,23972.255
6,70,9.947000000000001,77.833,7.111000000000001,37.46,3.875,24.034000000000002,0.0,0.0,42.071999999999996,254.917,651.33,4991.627,232.82299999999998,0.0,0.0,0.0,0.0
6,72,21.857,208.89700000000002,1.53,8.492,8.02,87.647,0.0,0.079,106.109,1459.509,408.63199999999995,2660.252,2164.471,0.0,0.0,0.0,0.0
6,73,8.228,36.824,0.0,0.0,1072.9560000000001,6088.348000000001,0.0,0.0,28.829,209.483,328.28,1219.684,0.032,0.0,0.0,0.0,21.34
6,74,31.0,436.647,49.183,443.56,24.328000000000003,320.71,0.0,0.0,63.463,713.52,159.187,1493.964,0.968,0.0,0.0,0.0,0.0
6,75,16.329,120.365,6.27,31.063000000000002,0.134,0.521,0.0,7.564,16.219,105.035,130.131,645.862,4.093999999999999,0.0,0.0,0.0,358.45300000000003
6,76,13.247,76.795,38.539,370.23699999999997,3.552,60.371,0.0,0.0,1.379,8.161,202.92700000000002,1352.485,0.782,0.0,0.0,0.0,202.023
6,78,19.123,258.67,0.815,3.26,0.6829999999999999,4.212,0.0,0.591,20.479,231.43,294.139,2106.617,0.0,0.0,0.0,0.0,0.0
6,79,14.152000000000001,72.344,3.4760000000000004,14.165,932.1619999999999,10287.998,0.0,0.971,17.557000000000002,68.546,959.7489999999999,4293.781,2.09,0.0,0.0,0.0,0.853
6,80,11996.331,237393.367,299.752,2136.795,6.815,71.624,0.0,0.0,76.035,656.955,315.03,1272.095,790.2330000000001,0.0,0.0,0.0,0.0
6,81,316.418,4796.013,22.76,143.29399999999998,26.474,330.162,5.807,91.766,4.413,28.217,321.325,1538.086,0.203,0.0,0.0,0.0,0.0
6,82,226.12599999999998,4683.577,7.7860000000000005,75.857,2.835,37.111,0.0,0.0,1.2919999999999998,6.515,180.18099999999998,1264.3310000000001,4.35,0.0,0.0,0.0,12174.213
6,83,7.44,110.19,5.515,31.945,0.9259999999999999,6.608,257.868,2278.065,5.2989999999999995,20.046,456.219,3901.692,7.187,0.0,0.0,0.0,1218.682
6,85,49.656000000000006,952.7,202.226,1953.424,6.426,75.426,0.0,19.722,9.03,79.931,472.13300000000004,3000.949,60.608000000000004,0.0,0.0,0.0,0.032
6,86,6.787999999999999,62.406000000000006,2.282,13.505,1.315,15.689,0.0,0.0,7.725,70.453,744.965,3714.8259999999996,0.016,0.0,0.0,0.0,1.22
6,87,12.478,120.273,2.436,12.184000000000001,5.364,34.076,0.0,0.0,11.079,109.88799999999999,200.859,858.177,0.768,0.0,0.0,0.0,11136.742
6,88,5.877999999999999,21.418000000000003,3.221,13.155,6.222,46.36600000000001,0.047,0.0,8.668,55.586999999999996,372.26599999999996,2033.2060000000001,1.015,0.0,0.0,0.0,0.016
6,89,3615.825,38531.394,0.14400000000000002,0.305,1.8319999999999999,7.649,61319.837,0.0,60.403999999999996,447.92800000000005,9612.209,68610.908,6058.802,0.0,0.0,0.0,39044.832
6,90,33.275999999999996,452.548,474.95099999999996,3147.0409999999997,32.111,263.103,0.0,0.0,22.941,119.478,141.509,709.221,12.649000000000001,0.0,0.0,0.0,0.0
6,91,258.166,3655.865,39.509,229.011,35.765,488.83099999999996,0.001,0.0,5.391,29.616,405.00800000000004,1917.0710000000001,0.0,0.0,0.0,0.0,377.87
6,92,29.629,165.169,56.477,393.20599999999996,0.815,5.088,2331.08,0.0,24.331,124.823,2734.975,23751.248,4.056,0.0,0.0,0.0,43518.083
6,93,21.641,167.88400000000001,1906.7720000000002,14179.978000000001,5.54,41.801,0.031,0.0,5.265,38.080999999999996,182.52599999999998,829.65,0.0,0.0,0.0,0.0,75.053
6,94,64.141,788.168,4.526,29.549,3.77,24.5,342.02,0.736,4.041,20.599,427.606,1918.422,0.09300000000000001,0.0,0.0,0.0,0.0
6,95,6.803999999999999,49.501999999999995,0.29,1.3090000000000002,3.697,31.586,0.591,26.351,14.770999999999999,98.46600000000001,207.669,1322.2179999999998,0.015,0.0,0.016,0.0,0.0
6,96,3.054,18.942999999999998,2.178,7.455,0.618,2.823,0.0,0.0,89.71799999999999,787.824,386.647,2074.137,0.0,0.0,0.0,0.0,0.265
6,97,54.773,667.355,16.396,152.763,1.411,14.664000000000001,0.0,21.804000000000002,26.144000000000002,242.15900000000002,1015.704,10386.646999999999,0.0,0.0,0.0,0.0,582.308
6,98,145.52200000000002,1801.894,657.4910000000001,3199.8259999999996,0.785,2.9410000000000003,0.0,0.0,46.803000000000004,391.01199999999994,597.307,2561.666,2.032,0.0,0.47,0.0,0.0
6,99,32.046,276.628,3.5610000000000004,11.992,25.493000000000002,249.692,0.27899999999999997,19711.409,16.134,150.41899999999998,339.371,1674.842,1.315,0.0,0.0,0.0,0.0
6,102,13.927999999999999,88.902,5.071000000000001,13.921,2.764,33.578,0.28,6.272,50.961000000000006,338.624,147.168,1051.954,2302.717,0.0,0.0,0.0,0.0
6,104,59.04600000000001,638.901,31.971999999999998,185.202,17.932000000000002,188.845,0.863,274.30400000000003,9.513,75.381,190.40200000000002,774.678,0.7340000000000001,0.0,0.0,0.0,0.0
